Index,Protocol,Local Address,Remote Address,Local Port,Remote Port,Local Host,Remote Host,Service Name,Packets,Data Size,Total Size,Data Speed,Capture Time,Last Packet Time,Duration
1,TCP,10.0.2.15,41.63.105.0,49699,80,,https-41-63-105-0.hyd.llnw.net,http,214,"257,800 Bytes","267,860 Bytes",3227.7 KB/Sec,10/25/2022 8:39:11 AM:097,10/25/2022 8:39:43 AM:672,00:32.6
2,TCP,10.0.2.15,41.63.105.128,49709,80,,https-41-63-105-128.hyd.llnw.net,http,36,"32,122 Bytes","33,603 Bytes",667.4 KB/Sec,10/25/2022 8:39:12 AM:160,10/25/2022 8:39:25 AM:176,00:13.0
3,TCP,10.0.2.15,41.63.105.128,49698,80,,https-41-63-105-128.hyd.llnw.net,http,298,"365,003 Bytes","376,964 Bytes",5749.2 KB/Sec,10/25/2022 8:39:12 AM:160,10/25/2022 8:39:38 AM:362,00:26.2
4,TCP,10.0.2.15,117.18.232.240,49696,80,,,http,114,"131,402 Bytes","136,003 Bytes",2069.7 KB/Sec,10/25/2022 8:39:12 AM:176,10/25/2022 8:39:30 AM:012,00:17.8
5,TCP,10.0.2.15,41.63.105.128,49694,80,,https-41-63-105-128.hyd.llnw.net,http,4,"1,461 Bytes","1,662 Bytes",,10/25/2022 8:39:12 AM:176,10/25/2022 8:39:13 AM:332,00:01.2
6,TCP,10.0.2.15,20.190.146.35,49719,443,,,https,40,"18,746 Bytes","20,567 Bytes",106.4 KB/Sec,10/25/2022 8:39:13 AM:488,10/25/2022 8:41:03 AM:307,01:49.8
7,UDP,10.0.2.15,192.168.0.1,64355,53,,,domain,1,37 Bytes,130 Bytes,,10/25/2022 8:39:15 AM:645,10/25/2022 8:39:15 AM:645,00:00.0
8,TCP,10.0.2.15,20.190.145.169,49720,443,,,https,21,"8,655 Bytes","9,721 Bytes",49.1 KB/Sec,10/25/2022 8:39:15 AM:957,10/25/2022 8:41:03 AM:307,01:47.3
9,UDP,10.0.2.15,192.168.0.1,51803,53,,,domain,2,340 Bytes,470 Bytes,,10/25/2022 8:39:18 AM:566,10/25/2022 8:39:18 AM:566,00:00.0
10,TCP,10.0.2.15,13.107.42.12,49721,443,,1drv.ms,https,40,"30,016 Bytes","31,851 Bytes",186.7 KB/Sec,10/25/2022 8:39:18 AM:597,10/25/2022 8:40:41 AM:746,01:23.1
11,UDP,10.0.2.15,192.168.0.1,50985,53,,,domain,2,158 Bytes,275 Bytes,,10/25/2022 8:39:19 AM:676,10/25/2022 8:39:19 AM:676,00:00.0
12,UDP,10.0.2.15,192.168.0.1,61590,53,,,domain,2,246 Bytes,374 Bytes,,10/25/2022 8:39:19 AM:911,10/25/2022 8:39:19 AM:911,00:00.0
13,UDP,10.0.2.15,192.168.0.1,65325,53,,,domain,2,290 Bytes,408 Bytes,,10/25/2022 8:39:20 AM:020,10/25/2022 8:39:20 AM:051,00:00.0
14,UDP,10.0.2.15,192.168.0.1,60073,53,,,domain,2,170 Bytes,283 Bytes,,10/25/2022 8:39:20 AM:051,10/25/2022 8:39:20 AM:051,00:00.0
15,TCP,10.0.2.15,13.107.42.12,49725,443,,1drv.ms,https,24,"14,734 Bytes","15,917 Bytes",102.0 KB/Sec,10/25/2022 8:39:20 AM:082,10/25/2022 8:40:33 AM:089,01:13.0
16,TCP,10.0.2.15,52.113.194.132,49723,443,,,https,17,"8,416 Bytes","9,329 Bytes",65.8 KB/Sec,10/25/2022 8:39:20 AM:082,10/25/2022 8:40:22 AM:604,01:02.5
17,TCP,10.0.2.15,40.90.130.199,49722,443,,,https,28,"16,767 Bytes","18,109 Bytes",95.2 KB/Sec,10/25/2022 8:39:20 AM:192,10/25/2022 8:41:09 AM:886,01:49.7
18,TCP,10.0.2.15,52.139.176.199,49724,443,,,https,20,"9,242 Bytes","10,260 Bytes",52.5 KB/Sec,10/25/2022 8:39:20 AM:239,10/25/2022 8:41:09 AM:730,01:49.5
19,UDP,10.0.2.15,192.168.0.1,60161,53,,,domain,2,172 Bytes,301 Bytes,,10/25/2022 8:39:21 AM:098,10/25/2022 8:39:21 AM:113,00:00.0
20,TCP,10.0.2.15,52.109.124.115,49727,443,,,https,24,"9,391 Bytes","10,585 Bytes",53.3 KB/Sec,10/25/2022 8:39:21 AM:300,10/25/2022 8:41:09 AM:682,01:48.4
21,TCP,10.0.2.15,13.107.42.12,49728,443,,1drv.ms,https,20,"11,838 Bytes","12,873 Bytes",82.0 KB/Sec,10/25/2022 8:39:23 AM:613,10/25/2022 8:40:27 AM:917,01:04.3
22,UDP,10.0.2.15,192.168.0.1,60257,53,,,domain,2,180 Bytes,327 Bytes,,10/25/2022 8:39:24 AM:676,10/25/2022 8:39:24 AM:676,00:00.0
23,TCP,10.0.2.15,13.89.179.8,49712,443,,,https,84,"29,660 Bytes","33,518 Bytes",47.6 KB/Sec,10/25/2022 8:39:24 AM:800,10/25/2022 8:42:36 AM:659,03:11.9
24,TCP,10.0.2.15,20.60.178.4,49729,443,,,https,152,"8,583 Bytes","14,915 Bytes",44.8 KB/Sec,10/25/2022 8:39:25 AM:066,10/25/2022 8:41:13 AM:823,01:48.8
25,UDP,10.0.2.15,192.168.0.1,61559,53,,,domain,2,164 Bytes,290 Bytes,,10/25/2022 8:39:27 AM:753,10/25/2022 8:39:27 AM:776,00:00.0
26,UDP,10.0.2.15,192.168.0.1,60049,53,,,domain,2,224 Bytes,355 Bytes,,10/25/2022 8:39:31 AM:029,10/25/2022 8:39:31 AM:049,00:00.0
27,TCP,10.0.2.15,104.208.16.88,49731,443,,,https,21,"8,011 Bytes","9,105 Bytes",,10/25/2022 8:39:32 AM:426,10/25/2022 8:39:34 AM:231,00:01.8
28,UDP,10.0.2.15,192.168.0.1,57799,53,,,domain,2,217 Bytes,349 Bytes,,10/25/2022 8:39:35 AM:833,10/25/2022 8:39:35 AM:835,00:00.0
29,TCP,10.0.2.15,13.89.179.8,49734,443,,,https,25,"9,646 Bytes","10,883 Bytes",,10/25/2022 8:39:36 AM:124,10/25/2022 8:39:42 AM:204,00:06.1
30,TCP,10.0.2.15,41.63.105.128,49735,80,,https-41-63-105-128.hyd.llnw.net,http,"2,867","3,048,979 Bytes","3,164,019 Bytes",1261.7 KB/Sec,10/25/2022 8:39:38 AM:427,10/25/2022 8:45:24 AM:824,05:46.4
31,UDP,10.0.2.15,192.168.0.1,59610,53,,,domain,2,283 Bytes,411 Bytes,,10/25/2022 8:39:42 AM:290,10/25/2022 8:39:42 AM:320,00:00.0
32,TCP,10.0.2.15,52.148.82.138,49738,443,,,https,23,"7,870 Bytes","9,041 Bytes",480.3 KB/Sec,10/25/2022 8:39:42 AM:419,10/25/2022 8:39:42 AM:918,00:00.5
33,UDP,10.0.2.15,192.168.0.1,50358,53,,,domain,2,203 Bytes,317 Bytes,,10/25/2022 8:39:45 AM:923,10/25/2022 8:39:45 AM:939,00:00.0
34,TCP,10.0.2.15,52.148.82.138,49739,443,,,https,25,"9,095 Bytes","10,346 Bytes",,10/25/2022 8:39:46 AM:032,10/25/2022 8:39:46 AM:782,00:00.8
35,TCP,10.0.2.15,204.79.197.200,49740,443,,a-0001.a-msedge.net,https,585,"387,940 Bytes","411,577 Bytes",1866.2 KB/Sec,10/25/2022 8:39:46 AM:298,10/25/2022 8:41:36 AM:391,01:50.1
36,UDP,10.0.2.15,192.168.0.1,59506,53,,,domain,2,249 Bytes,371 Bytes,,10/25/2022 8:39:50 AM:660,10/25/2022 8:39:50 AM:660,00:00.0
37,TCP,10.0.2.15,40.99.34.210,49742,443,,,https,38,"8,071 Bytes","9,836 Bytes",41.9 KB/Sec,10/25/2022 8:39:50 AM:738,10/25/2022 8:41:36 AM:464,01:45.7
38,TCP,10.0.2.15,41.63.105.128,49743,80,,https-41-63-105-128.hyd.llnw.net,http,"2,453","2,508,582 Bytes","2,607,076 Bytes",1066.5 KB/Sec,10/25/2022 8:39:54 AM:915,10/25/2022 8:45:25 AM:948,05:31.0
39,UDP,10.0.2.15,192.168.0.1,53905,53,,,domain,2,224 Bytes,355 Bytes,,10/25/2022 8:40:00 AM:010,10/25/2022 8:40:00 AM:010,00:00.0
40,TCP,10.0.2.15,104.208.16.88,49744,443,,,https,37,"15,205 Bytes","16,939 Bytes",989.9 KB/Sec,10/25/2022 8:40:00 AM:322,10/25/2022 8:40:02 AM:183,00:01.9
41,TCP,10.0.2.15,104.120.131.18,49675,443,,a104-120-131-18.deploy.static.akamaitechnologies.com,https,2,31 Bytes,182 Bytes,,10/25/2022 8:40:01 AM:682,10/25/2022 8:40:01 AM:682,00:00.0
42,UDP,10.0.2.15,239.255.255.250,49224,1900,,,ssdp,6,822 Bytes,"1,155 Bytes",,10/25/2022 8:40:02 AM:916,10/25/2022 8:40:08 AM:933,00:06.0
43,TCP,10.0.2.15,104.120.154.29,49687,443,,a104-120-154-29.deploy.static.akamaitechnologies.com,https,2,31 Bytes,182 Bytes,,10/25/2022 8:40:02 AM:948,10/25/2022 8:40:02 AM:963,00:00.0
44,TCP,10.0.2.15,104.120.154.29,49686,443,,a104-120-154-29.deploy.static.akamaitechnologies.com,https,2,31 Bytes,182 Bytes,,10/25/2022 8:40:02 AM:948,10/25/2022 8:40:02 AM:963,00:00.0
45,TCP,10.0.2.15,104.120.154.29,49685,443,,a104-120-154-29.deploy.static.akamaitechnologies.com,https,2,31 Bytes,182 Bytes,,10/25/2022 8:40:02 AM:948,10/25/2022 8:40:02 AM:963,00:00.0
46,TCP,10.0.2.15,104.120.154.29,49682,443,,a104-120-154-29.deploy.static.akamaitechnologies.com,https,2,31 Bytes,182 Bytes,,10/25/2022 8:40:02 AM:948,10/25/2022 8:40:02 AM:963,00:00.0
47,TCP,10.0.2.15,104.120.154.29,49680,443,,a104-120-154-29.deploy.static.akamaitechnologies.com,https,2,31 Bytes,182 Bytes,,10/25/2022 8:40:02 AM:948,10/25/2022 8:40:02 AM:963,00:00.0
48,TCP,10.0.2.15,104.120.154.29,49697,443,,a104-120-154-29.deploy.static.akamaitechnologies.com,https,2,31 Bytes,182 Bytes,,10/25/2022 8:40:02 AM:979,10/25/2022 8:40:02 AM:979,00:00.0
49,TCP,10.0.2.15,104.120.154.29,49695,443,,a104-120-154-29.deploy.static.akamaitechnologies.com,https,2,31 Bytes,182 Bytes,,10/25/2022 8:40:02 AM:979,10/25/2022 8:40:02 AM:979,00:00.0
50,TCP,10.0.2.15,104.120.154.29,49693,443,,a104-120-154-29.deploy.static.akamaitechnologies.com,https,2,31 Bytes,182 Bytes,,10/25/2022 8:40:02 AM:979,10/25/2022 8:40:02 AM:979,00:00.0
51,TCP,10.0.2.15,183.82.12.193,49681,443,,broadband.actcorp.in,https,2,31 Bytes,182 Bytes,,10/25/2022 8:40:03 AM:229,10/25/2022 8:40:03 AM:229,00:00.0
52,UDP,10.0.2.15,192.168.0.1,63407,53,,,domain,2,266 Bytes,409 Bytes,,10/25/2022 8:40:20 AM:214,10/25/2022 8:40:20 AM:214,00:00.0
53,TCP,10.0.2.15,8.241.129.126,49750,80,,,http,"4,404","4,569,114 Bytes","4,745,744 Bytes",644.7 KB/Sec,10/25/2022 8:40:26 AM:543,10/25/2022 8:51:23 AM:948,10:57.4
54,UDP,10.0.2.15,192.168.0.1,53447,53,,,domain,2,139 Bytes,263 Bytes,,10/25/2022 8:40:39 AM:213,10/25/2022 8:40:39 AM:213,00:00.0
55,UDP,10.0.2.15,10.0.2.255,138,138,,,netbios-dgm,6,"1,206 Bytes","1,603 Bytes",0.2 KB/Sec,10/25/2022 8:40:58 AM:918,10/25/2022 8:53:01 AM:308,12:02.4
56,UDP,10.0.2.15,192.168.0.1,57440,53,,,domain,2,164 Bytes,290 Bytes,,10/25/2022 8:41:01 AM:699,10/25/2022 8:41:01 AM:761,00:00.1
57,UDP,10.0.2.15,239.255.255.250,57441,1900,,,ssdp,8,"1,400 Bytes","1,827 Bytes",,10/25/2022 8:41:03 AM:214,10/25/2022 8:41:06 AM:260,00:03.0
58,TCP,10.0.2.15,40.64.66.113,49756,443,,,https,40,"8,642 Bytes","10,507 Bytes",562.6 KB/Sec,10/25/2022 8:41:10 AM:401,10/25/2022 8:41:11 AM:371,00:01.0
59,UDP,10.0.2.15,192.168.0.1,50981,53,,,domain,2,234 Bytes,367 Bytes,,10/25/2022 8:41:11 AM:089,10/25/2022 8:41:11 AM:089,00:00.0
60,TCP,10.0.2.15,40.119.249.228,49757,443,,,https,57,"37,010 Bytes","39,546 Bytes",,10/25/2022 8:41:11 AM:154,10/25/2022 8:41:11 AM:698,00:00.5
61,TCP,10.0.2.15,40.64.66.113,49759,443,,,https,39,"9,046 Bytes","10,871 Bytes",,10/25/2022 8:41:12 AM:292,10/25/2022 8:41:14 AM:136,00:01.8
62,UDP,10.0.2.15,192.168.0.1,62015,53,,,domain,2,234 Bytes,367 Bytes,,10/25/2022 8:41:14 AM:011,10/25/2022 8:41:14 AM:027,00:00.0
63,TCP,10.0.2.15,40.119.249.228,49760,443,,,https,44,"24,531 Bytes","26,547 Bytes",,10/25/2022 8:41:14 AM:105,10/25/2022 8:41:14 AM:495,00:00.4
64,TCP,10.0.2.15,40.64.66.113,49761,443,,,https,44,"10,268 Bytes","12,293 Bytes",626.7 KB/Sec,10/25/2022 8:41:14 AM:558,10/25/2022 8:41:15 AM:589,00:01.0
65,UDP,10.0.2.15,192.168.0.1,64519,53,,,domain,2,217 Bytes,354 Bytes,,10/25/2022 8:41:16 AM:417,10/25/2022 8:41:16 AM:417,00:00.0
66,TCP,10.0.2.15,104.120.154.29,49762,443,,a104-120-154-29.deploy.static.akamaitechnologies.com,https,21,"7,197 Bytes","8,297 Bytes",11.5 KB/Sec,10/25/2022 8:41:16 AM:449,10/25/2022 8:43:00 AM:965,01:44.5
67,UDP,10.0.2.15,192.168.0.1,56904,53,,,domain,2,214 Bytes,350 Bytes,,10/25/2022 8:41:17 AM:027,10/25/2022 8:41:17 AM:042,00:00.0
68,TCP,10.0.2.15,104.120.154.29,49763,443,,a104-120-154-29.deploy.static.akamaitechnologies.com,https,21,"7,250 Bytes","8,349 Bytes",17.4 KB/Sec,10/25/2022 8:41:17 AM:058,10/25/2022 8:42:37 AM:214,01:20.2
69,TCP,10.0.2.15,40.119.249.228,49764,443,,,https,54,"37,058 Bytes","39,474 Bytes",2261.8 KB/Sec,10/25/2022 8:41:17 AM:277,10/25/2022 8:41:18 AM:167,00:00.9
70,UDP,10.0.2.15,192.168.0.1,63575,53,,,domain,2,280 Bytes,410 Bytes,,10/25/2022 8:41:17 AM:418,10/25/2022 8:41:17 AM:433,00:00.0
71,TCP,10.0.2.15,117.18.232.240,49765,80,,,http,8,"1,348 Bytes","2,020 Bytes",3.2 KB/Sec,10/25/2022 8:41:17 AM:479,10/25/2022 8:42:37 AM:741,01:20.3
72,UDP,10.0.2.15,192.168.0.1,55034,53,,,domain,2,219 Bytes,355 Bytes,,10/25/2022 8:41:17 AM:588,10/25/2022 8:41:17 AM:588,00:00.0
73,TCP,10.0.2.15,13.107.4.50,49766,80,,,http,8,670 Bytes,"1,447 Bytes",40.9 KB/Sec,10/25/2022 8:41:17 AM:678,10/25/2022 8:41:24 AM:761,00:07.1
74,TCP,10.0.2.15,104.120.154.29,49767,443,,a104-120-154-29.deploy.static.akamaitechnologies.com,https,21,"7,250 Bytes","8,349 Bytes",17.4 KB/Sec,10/25/2022 8:41:17 AM:916,10/25/2022 8:42:37 AM:213,01:19.3
75,TCP,10.0.2.15,117.18.232.240,49768,80,,,http,8,"1,348 Bytes","2,020 Bytes",3.4 KB/Sec,10/25/2022 8:41:18 AM:324,10/25/2022 8:42:37 AM:740,01:19.4
76,UDP,10.0.2.15,192.168.0.1,55218,53,,,domain,2,173 Bytes,309 Bytes,,10/25/2022 8:41:18 AM:558,10/25/2022 8:41:18 AM:573,00:00.0
77,TCP,10.0.2.15,41.63.105.0,49769,80,,https-41-63-105-0.hyd.llnw.net,http,172,"199,814 Bytes","207,157 Bytes",2098.2 KB/Sec,10/25/2022 8:41:18 AM:589,10/25/2022 8:41:48 AM:879,00:30.3
78,TCP,10.0.2.15,41.63.105.128,49770,80,,https-41-63-105-128.hyd.llnw.net,http,354,"396,830 Bytes","411,453 Bytes",4167.0 KB/Sec,10/25/2022 8:41:18 AM:589,10/25/2022 8:41:48 AM:879,00:30.3
79,UDP,10.0.2.15,192.168.0.1,54498,53,,,domain,2,221 Bytes,352 Bytes,,10/25/2022 8:41:19 AM:948,10/25/2022 8:41:19 AM:948,00:00.0
80,TCP,10.0.2.15,40.119.249.228,49771,443,,,https,41,"24,580 Bytes","26,476 Bytes",,10/25/2022 8:41:20 AM:011,10/25/2022 8:41:20 AM:355,00:00.3
81,TCP,10.0.2.15,20.42.73.24,49772,443,,,https,21,"8,004 Bytes","9,098 Bytes",,10/25/2022 8:41:20 AM:199,10/25/2022 8:41:22 AM:027,00:01.8
82,TCP,10.0.2.15,13.107.4.50,49773,80,,,http,8,670 Bytes,"1,447 Bytes",,10/25/2022 8:41:26 AM:386,10/25/2022 8:41:28 AM:511,00:02.1
83,UDP,10.0.2.15,224.0.0.251,5353,5353,,,,6,240 Bytes,476 Bytes,14.6 KB/Sec,10/25/2022 8:41:28 AM:714,10/25/2022 8:41:31 AM:776,00:03.1
84,UDP,10.0.2.15,192.168.0.1,54754,53,,,domain,2,175 Bytes,295 Bytes,,10/25/2022 8:41:28 AM:746,10/25/2022 8:41:28 AM:746,00:00.0
85,TCP,10.0.2.15,13.107.21.239,49774,443,,,https,37,"10,268 Bytes","12,305 Bytes",626.7 KB/Sec,10/25/2022 8:41:28 AM:777,10/25/2022 8:41:36 AM:391,00:07.6
86,UDP,10.0.2.15,192.168.0.1,59424,53,,,domain,2,186 Bytes,319 Bytes,,10/25/2022 8:41:29 AM:449,10/25/2022 8:41:29 AM:449,00:00.0
87,TCP,10.0.2.15,40.125.122.151,49775,443,,,https,31,"4,823 Bytes","6,319 Bytes",294.4 KB/Sec,10/25/2022 8:41:29 AM:713,10/25/2022 8:41:30 AM:636,00:00.9
88,UDP,10.0.2.15,192.168.0.1,62287,53,,,domain,2,219 Bytes,355 Bytes,,10/25/2022 8:41:30 AM:495,10/25/2022 8:41:30 AM:495,00:00.0
89,TCP,10.0.2.15,13.107.4.50,49776,80,,,http,416,"491,862 Bytes","508,963 Bytes",5109.9 KB/Sec,10/25/2022 8:41:30 AM:526,10/25/2022 8:41:51 AM:858,00:21.3
90,UDP,10.0.2.15,192.168.0.1,54327,53,,,domain,2,221 Bytes,352 Bytes,,10/25/2022 8:41:35 AM:635,10/25/2022 8:41:36 AM:464,00:00.8
91,UDP,10.0.2.15,192.168.0.1,49451,53,,,domain,2,239 Bytes,368 Bytes,,10/25/2022 8:41:35 AM:965,10/25/2022 8:41:36 AM:495,00:00.5
92,TCP,10.0.2.15,20.198.2.140,49779,443,,,https,28,"7,835 Bytes","9,207 Bytes",478.2 KB/Sec,10/25/2022 8:41:36 AM:605,10/25/2022 8:41:36 AM:871,00:00.3
93,TCP,10.0.2.15,20.42.73.24,49778,443,,,https,20,"7,916 Bytes","8,970 Bytes",515.4 KB/Sec,10/25/2022 8:41:36 AM:780,10/25/2022 8:41:37 AM:761,00:01.0
94,TCP,10.0.2.15,20.42.73.24,49781,443,,,https,21,"7,916 Bytes","9,010 Bytes",,10/25/2022 8:41:41 AM:967,10/25/2022 8:41:43 AM:029,00:01.1
95,UDP,10.0.2.15,192.168.0.1,64382,53,,,domain,2,214 Bytes,350 Bytes,,10/25/2022 8:41:44 AM:482,10/25/2022 8:41:44 AM:482,00:00.0
96,TCP,10.0.2.15,104.120.154.29,49782,443,,a104-120-154-29.deploy.static.akamaitechnologies.com,https,20,"7,779 Bytes","8,838 Bytes",11.6 KB/Sec,10/25/2022 8:41:44 AM:514,10/25/2022 8:43:20 AM:296,01:35.8
97,TCP,10.0.2.15,117.18.232.240,49783,80,,,http,8,"1,540 Bytes","2,212 Bytes",2.0 KB/Sec,10/25/2022 8:41:44 AM:669,10/25/2022 8:43:25 AM:310,01:40.6
98,UDP,10.0.2.15,192.168.0.1,53139,53,,,domain,2,221 Bytes,352 Bytes,,10/25/2022 8:41:44 AM:873,10/25/2022 8:41:44 AM:888,00:00.0
99,TCP,10.0.2.15,20.42.73.24,49784,443,,,https,25,"11,195 Bytes","12,449 Bytes",728.8 KB/Sec,10/25/2022 8:41:45 AM:154,10/25/2022 8:41:46 AM:575,00:01.4
100,UDP,10.0.2.15,192.168.0.1,59439,53,,,domain,2,156 Bytes,292 Bytes,,10/25/2022 8:41:45 AM:466,10/25/2022 8:41:45 AM:466,00:00.0
101,TCP,10.0.2.15,209.197.3.8,49785,80,,vip0x008.map2.ssl.hwcdn.net,http,7,650 Bytes,"1,395 Bytes",42.3 KB/Sec,10/25/2022 8:41:45 AM:639,10/25/2022 8:41:45 AM:732,00:00.1
102,TCP,10.0.2.15,104.120.154.29,49786,443,,a104-120-154-29.deploy.static.akamaitechnologies.com,https,21,"7,779 Bytes","8,878 Bytes",12.2 KB/Sec,10/25/2022 8:41:45 AM:889,10/25/2022 8:43:20 AM:296,01:34.4
103,TCP,10.0.2.15,117.18.232.240,49787,80,,,http,8,"1,539 Bytes","2,211 Bytes",2.1 KB/Sec,10/25/2022 8:41:46 AM:279,10/25/2022 8:43:25 AM:310,01:39.0
104,UDP,10.0.2.15,192.168.0.1,62564,53,,,domain,2,337 Bytes,453 Bytes,,10/25/2022 8:41:47 AM:404,10/25/2022 8:41:47 AM:404,00:00.0
105,TCP,10.0.2.15,40.126.17.133,49788,443,,,https,37,"19,141 Bytes","20,860 Bytes",,10/25/2022 8:41:47 AM:466,10/25/2022 8:41:47 AM:842,00:00.4
106,UDP,10.0.2.15,192.168.0.1,64247,53,,,domain,2,260 Bytes,385 Bytes,,10/25/2022 8:41:47 AM:935,10/25/2022 8:41:47 AM:951,00:00.0
107,TCP,10.0.2.15,13.107.246.58,49789,443,,,https,29,"8,921 Bytes","10,329 Bytes",,10/25/2022 8:41:47 AM:982,10/25/2022 8:41:48 AM:576,00:00.6
108,UDP,10.0.2.15,192.168.0.1,59747,53,,,domain,2,256 Bytes,393 Bytes,,10/25/2022 8:41:48 AM:842,10/25/2022 8:41:48 AM:842,00:00.0
109,TCP,10.0.2.15,117.18.232.240,49790,80,,,http,8,926 Bytes,"1,710 Bytes",,10/25/2022 8:41:48 AM:936,10/25/2022 8:41:51 AM:622,00:02.7
110,TCP,10.0.2.15,40.125.122.151,49791,443,,,https,32,"4,819 Bytes","6,355 Bytes",294.1 KB/Sec,10/25/2022 8:41:51 AM:826,10/25/2022 8:41:59 AM:060,00:07.2
111,UDP,10.0.2.15,192.168.0.1,61317,53,,,domain,8,866 Bytes,"1,165 Bytes",0.3 KB/Sec,10/25/2022 8:41:52 AM:638,10/25/2022 8:47:01 AM:120,05:08.5
112,TCP,10.0.2.15,52.182.143.211,49792,443,,,https,20,"8,094 Bytes","9,148 Bytes",,10/25/2022 8:41:52 AM:919,10/25/2022 8:41:53 AM:935,00:01.0
113,TCP,10.0.2.15,20.190.146.35,49793,443,,,https,44,"24,045 Bytes","26,076 Bytes",,10/25/2022 8:41:53 AM:106,10/25/2022 8:41:53 AM:513,00:00.4
114,UDP,10.0.2.15,192.168.0.1,55501,53,,,domain,2,133 Bytes,246 Bytes,,10/25/2022 8:41:54 AM:123,10/25/2022 8:41:54 AM:138,00:00.0
115,TCP,10.0.2.15,204.79.197.203,49794,443,,a-0003.a-msedge.net,https,82,"42,190 Bytes","45,706 Bytes",87.8 KB/Sec,10/25/2022 8:41:54 AM:169,10/25/2022 8:42:56 AM:056,01:01.9
116,TCP,10.0.2.15,183.82.12.193,49795,443,,broadband.actcorp.in,https,29,"9,823 Bytes","11,204 Bytes",11.8 KB/Sec,10/25/2022 8:41:56 AM:498,10/25/2022 8:43:43 AM:270,01:46.8
117,TCP,10.0.2.15,40.125.122.151,49796,443,,,https,31,"4,812 Bytes","6,308 Bytes",313.3 KB/Sec,10/25/2022 8:42:01 AM:888,10/25/2022 8:42:03 AM:607,00:01.7
118,UDP,10.0.2.15,192.168.0.1,54157,53,,,domain,4,369 Bytes,542 Bytes,0.1 KB/Sec,10/25/2022 8:42:02 AM:154,10/25/2022 8:50:18 AM:136,08:16.0
119,TCP,10.0.2.15,204.79.197.203,49797,443,,a-0003.a-msedge.net,https,337,"201,269 Bytes","214,989 Bytes",157.2 KB/Sec,10/25/2022 8:42:02 AM:249,10/25/2022 8:44:28 AM:987,02:26.7
120,UDP,10.0.2.15,192.168.0.1,54297,53,,,domain,2,225 Bytes,356 Bytes,,10/25/2022 8:42:02 AM:765,10/25/2022 8:42:02 AM:778,00:00.0
121,TCP,10.0.2.15,40.90.184.73,49798,443,,,https,27,"11,927 Bytes","13,261 Bytes",,10/25/2022 8:42:02 AM:872,10/25/2022 8:42:03 AM:169,00:00.3
122,UDP,10.0.2.15,192.168.0.1,49721,53,,,domain,2,227 Bytes,359 Bytes,,10/25/2022 8:42:03 AM:169,10/25/2022 8:42:03 AM:169,00:00.0
123,TCP,10.0.2.15,40.90.184.73,49799,443,,,https,29,"14,992 Bytes","16,407 Bytes",,10/25/2022 8:42:03 AM:279,10/25/2022 8:42:03 AM:966,00:00.7
124,UDP,10.0.2.15,192.168.0.1,58874,53,,,domain,2,170 Bytes,286 Bytes,,10/25/2022 8:42:03 AM:919,10/25/2022 8:42:03 AM:935,00:00.0
125,TCP,10.0.2.15,123.176.32.51,49803,443,,broadband.actcorp.in,https,"3,101","2,127,445 Bytes","2,251,724 Bytes",703.5 KB/Sec,10/25/2022 8:42:04 AM:232,10/25/2022 8:46:27 AM:761,04:23.5
126,TCP,10.0.2.15,123.176.32.51,49802,443,,broadband.actcorp.in,https,27,"6,694 Bytes","8,013 Bytes",19.0 KB/Sec,10/25/2022 8:42:04 AM:232,10/25/2022 8:42:46 AM:037,00:41.8
127,TCP,10.0.2.15,123.176.32.51,49801,443,,broadband.actcorp.in,https,26,"6,694 Bytes","7,973 Bytes",19.0 KB/Sec,10/25/2022 8:42:04 AM:232,10/25/2022 8:42:46 AM:037,00:41.8
128,TCP,10.0.2.15,123.176.32.51,49800,443,,broadband.actcorp.in,https,27,"6,694 Bytes","8,013 Bytes",19.0 KB/Sec,10/25/2022 8:42:04 AM:467,10/25/2022 8:42:46 AM:053,00:41.6
129,UDP,10.0.2.15,192.168.0.1,59722,53,,,domain,2,118 Bytes,237 Bytes,,10/25/2022 8:42:04 AM:982,10/25/2022 8:42:04 AM:982,00:00.0
130,TCP,10.0.2.15,117.18.237.29,49804,80,,,http,12,"2,072 Bytes","2,832 Bytes",1.6 KB/Sec,10/25/2022 8:42:05 AM:107,10/25/2022 8:44:28 AM:987,02:23.9
131,UDP,10.0.2.15,192.168.0.1,62512,53,,,domain,2,156 Bytes,292 Bytes,,10/25/2022 8:42:05 AM:638,10/25/2022 8:42:05 AM:638,00:00.0
132,UDP,10.0.2.15,192.168.0.1,65376,53,,,domain,2,256 Bytes,393 Bytes,,10/25/2022 8:42:05 AM:716,10/25/2022 8:42:05 AM:732,00:00.0
133,TCP,10.0.2.15,117.18.232.240,49806,80,,,http,378,"447,003 Bytes","462,581 Bytes",2150.4 KB/Sec,10/25/2022 8:42:05 AM:856,10/25/2022 8:42:25 AM:269,00:19.4
134,TCP,10.0.2.15,209.197.3.8,49805,80,,vip0x008.map2.ssl.hwcdn.net,http,871,"1,001,317 Bytes","1,036,622 Bytes",4465.1 KB/Sec,10/25/2022 8:42:05 AM:919,10/25/2022 8:42:30 AM:217,00:24.3
135,TCP,10.0.2.15,204.79.197.203,49807,443,,a-0003.a-msedge.net,https,130,"70,647 Bytes","76,083 Bytes",57.3 KB/Sec,10/25/2022 8:42:07 AM:185,10/25/2022 8:44:28 AM:987,02:21.8
136,UDP,10.0.2.15,192.168.0.1,60106,53,,,domain,2,220 Bytes,349 Bytes,,10/25/2022 8:42:10 AM:587,10/25/2022 8:42:10 AM:591,00:00.0
137,UDP,10.0.2.15,192.168.0.1,60770,53,,,domain,2,148 Bytes,274 Bytes,,10/25/2022 8:42:10 AM:712,10/25/2022 8:42:10 AM:720,00:00.0
138,TCP,10.0.2.15,13.35.231.34,49811,443,,server-13-35-231-34.hyd50.r.cloudfront.net,https,15,"6,118 Bytes","6,967 Bytes",127.1 KB/Sec,10/25/2022 8:42:10 AM:880,10/25/2022 8:42:13 AM:156,00:02.3
139,UDP,10.0.2.15,192.168.0.1,59944,53,,,domain,2,116 Bytes,226 Bytes,,10/25/2022 8:42:11 AM:009,10/25/2022 8:42:11 AM:012,00:00.0
140,TCP,10.0.2.15,13.249.226.125,49812,80,,server-13-249-226-125.hyd50.r.cloudfront.net,http,10,"2,704 Bytes","3,364 Bytes",2.3 KB/Sec,10/25/2022 8:42:11 AM:047,10/25/2022 8:44:28 AM:906,02:17.9
141,TCP,10.0.2.15,52.182.143.211,49808,443,,,https,26,"11,022 Bytes","12,314 Bytes",9.4 KB/Sec,10/25/2022 8:42:11 AM:142,10/25/2022 8:44:14 AM:497,02:03.4
142,TCP,10.0.2.15,52.182.143.211,49810,443,,,https,26,"10,975 Bytes","12,267 Bytes",9.4 KB/Sec,10/25/2022 8:42:11 AM:146,10/25/2022 8:44:16 AM:607,02:05.5
143,TCP,10.0.2.15,52.182.143.211,49809,443,,,https,85,"32,512 Bytes","36,164 Bytes",27.1 KB/Sec,10/25/2022 8:42:11 AM:149,10/25/2022 8:44:28 AM:987,02:17.8
144,UDP,10.0.2.15,192.168.0.1,65412,53,,,domain,2,154 Bytes,283 Bytes,,10/25/2022 8:42:11 AM:812,10/25/2022 8:42:11 AM:832,00:00.0
145,TCP,10.0.2.15,52.182.143.211,49814,443,,,https,104,"36,811 Bytes","41,223 Bytes",15.2 KB/Sec,10/25/2022 8:42:11 AM:812,10/25/2022 8:45:41 AM:402,03:29.6
146,TCP,10.0.2.15,13.249.226.125,49815,80,,server-13-249-226-125.hyd50.r.cloudfront.net,http,11,"2,410 Bytes","3,140 Bytes",2.0 KB/Sec,10/25/2022 8:42:11 AM:922,10/25/2022 8:44:28 AM:906,02:17.0
147,UDP,10.0.2.15,192.168.0.1,58621,53,,,domain,2,156 Bytes,286 Bytes,,10/25/2022 8:42:13 AM:030,10/25/2022 8:42:13 AM:030,00:00.0
148,TCP,10.0.2.15,13.249.226.203,49817,80,,server-13-249-226-203.hyd50.r.cloudfront.net,http,9,"2,293 Bytes","2,948 Bytes",2.0 KB/Sec,10/25/2022 8:42:13 AM:063,10/25/2022 8:44:28 AM:906,02:15.8
149,UDP,10.0.2.15,192.168.0.1,53510,53,,,domain,2,217 Bytes,354 Bytes,,10/25/2022 8:42:15 AM:769,10/25/2022 8:42:15 AM:773,00:00.0
150,TCP,10.0.2.15,104.120.154.29,49818,443,,a104-120-154-29.deploy.static.akamaitechnologies.com,https,21,"7,197 Bytes","8,297 Bytes",11.0 KB/Sec,10/25/2022 8:42:15 AM:891,10/25/2022 8:43:37 AM:019,01:21.1
151,TCP,10.0.2.15,13.35.231.34,49819,443,,server-13-35-231-34.hyd50.r.cloudfront.net,https,41,"14,501 Bytes","16,390 Bytes",12.8 KB/Sec,10/25/2022 8:42:16 AM:136,10/25/2022 8:44:28 AM:765,02:12.6
152,UDP,10.0.2.15,192.168.0.1,51375,53,,,domain,2,155 Bytes,284 Bytes,,10/25/2022 8:42:18 AM:730,10/25/2022 8:42:18 AM:733,00:00.0
153,UDP,10.0.2.15,192.168.0.1,52563,53,,,domain,2,203 Bytes,317 Bytes,,10/25/2022 8:42:18 AM:800,10/25/2022 8:42:18 AM:820,00:00.0
154,TCP,10.0.2.15,204.79.197.200,49821,443,,a-0001.a-msedge.net,https,135,"48,808 Bytes","54,445 Bytes",24.8 KB/Sec,10/25/2022 8:42:18 AM:855,10/25/2022 8:45:32 AM:527,03:13.7
155,TCP,10.0.2.15,123.176.32.145,49820,443,,broadband.actcorp.in,https,55,"15,626 Bytes","18,078 Bytes",81.6 KB/Sec,10/25/2022 8:42:18 AM:858,10/25/2022 8:42:44 AM:296,00:25.4
156,UDP,10.0.2.15,192.168.0.1,50772,53,,,domain,2,224 Bytes,355 Bytes,,10/25/2022 8:42:21 AM:066,10/25/2022 8:42:21 AM:069,00:00.0
157,TCP,10.0.2.15,52.182.143.211,49822,443,,,https,21,"7,914 Bytes","9,008 Bytes",,10/25/2022 8:42:21 AM:538,10/25/2022 8:42:23 AM:128,00:01.6
158,TCP,10.0.2.15,13.107.4.50,49823,80,,,http,230,"245,909 Bytes","255,570 Bytes",7504.5 KB/Sec,10/25/2022 8:42:24 AM:874,10/25/2022 8:42:26 AM:319,00:01.4
159,TCP,10.0.2.15,52.182.143.211,49824,443,,,https,22,"8,257 Bytes","9,391 Bytes",,10/25/2022 8:42:29 AM:194,10/25/2022 8:42:30 AM:538,00:01.3
160,TCP,10.0.2.15,117.18.232.240,49825,80,,,http,378,"445,543 Bytes","461,121 Bytes",9257.5 KB/Sec,10/25/2022 8:42:30 AM:225,10/25/2022 8:42:39 AM:655,00:09.4
161,UDP,10.0.2.15,192.168.0.1,65520,53,,,domain,2,228 Bytes,361 Bytes,,10/25/2022 8:42:32 AM:577,10/25/2022 8:42:32 AM:581,00:00.0
162,TCP,10.0.2.15,51.11.168.232,49826,443,,,https,24,"5,804 Bytes","7,020 Bytes",377.9 KB/Sec,10/25/2022 8:42:33 AM:096,10/25/2022 8:42:35 AM:276,00:02.2
163,TCP,10.0.2.15,13.89.179.8,49827,443,,,https,29,"11,168 Bytes","12,597 Bytes",10.9 KB/Sec,10/25/2022 8:42:36 AM:682,10/25/2022 8:44:31 AM:047,01:54.4
164,UDP,10.0.2.15,192.168.0.1,52239,53,,,domain,2,214 Bytes,350 Bytes,,10/25/2022 8:42:37 AM:198,10/25/2022 8:42:37 AM:214,00:00.0
165,TCP,10.0.2.15,104.120.154.29,49828,443,,a104-120-154-29.deploy.static.akamaitechnologies.com,https,21,"7,779 Bytes","8,878 Bytes",13.9 KB/Sec,10/25/2022 8:42:37 AM:256,10/25/2022 8:43:42 AM:911,01:05.7
166,UDP,10.0.2.15,192.168.0.1,56055,53,,,domain,2,224 Bytes,355 Bytes,,10/25/2022 8:42:37 AM:448,10/25/2022 8:42:37 AM:475,00:00.0
167,TCP,10.0.2.15,117.18.232.240,49830,80,,,http,8,"1,543 Bytes","2,215 Bytes",2.8 KB/Sec,10/25/2022 8:42:37 AM:745,10/25/2022 8:43:42 AM:911,01:05.2
168,TCP,10.0.2.15,52.182.143.211,49829,443,,,https,26,"11,527 Bytes","12,821 Bytes",351.8 KB/Sec,10/25/2022 8:42:37 AM:753,10/25/2022 8:42:39 AM:362,00:01.6
169,UDP,10.0.2.15,192.168.0.1,65488,53,,,domain,2,219 Bytes,355 Bytes,,10/25/2022 8:42:38 AM:436,10/25/2022 8:42:38 AM:440,00:00.0
170,TCP,10.0.2.15,13.107.4.50,49831,80,,,http,8,686 Bytes,"1,479 Bytes",41.9 KB/Sec,10/25/2022 8:42:38 AM:491,10/25/2022 8:42:39 AM:628,00:01.1
171,TCP,10.0.2.15,104.120.154.29,49832,443,,a104-120-154-29.deploy.static.akamaitechnologies.com,https,21,"7,779 Bytes","8,878 Bytes",14.3 KB/Sec,10/25/2022 8:42:38 AM:698,10/25/2022 8:43:42 AM:942,01:04.2
172,TCP,10.0.2.15,117.18.232.240,49833,80,,,http,8,"1,543 Bytes","2,215 Bytes",2.8 KB/Sec,10/25/2022 8:42:38 AM:839,10/25/2022 8:43:42 AM:942,01:04.1
173,UDP,10.0.2.15,192.168.0.1,55882,53,,,domain,2,248 Bytes,384 Bytes,,10/25/2022 8:42:39 AM:550,10/25/2022 8:42:39 AM:554,00:00.0
174,TCP,10.0.2.15,8.241.143.126,49834,80,,,http,8,789 Bytes,"1,574 Bytes",,10/25/2022 8:42:39 AM:655,10/25/2022 8:42:41 AM:046,00:01.4
175,TCP,10.0.2.15,209.197.3.8,49836,80,,vip0x008.map2.ssl.hwcdn.net,http,6,798 Bytes,"1,503 Bytes",,10/25/2022 8:42:39 AM:670,10/25/2022 8:42:40 AM:530,00:00.9
176,TCP,10.0.2.15,8.241.136.254,49835,80,,,http,8,789 Bytes,"1,574 Bytes",,10/25/2022 8:42:39 AM:670,10/25/2022 8:42:41 AM:046,00:01.4
177,UDP,10.0.2.15,192.168.0.1,56010,53,,,domain,2,224 Bytes,355 Bytes,,10/25/2022 8:42:39 AM:944,10/25/2022 8:42:39 AM:948,00:00.0
178,TCP,10.0.2.15,52.182.143.211,49837,443,,,https,20,"7,918 Bytes","8,972 Bytes",515.5 KB/Sec,10/25/2022 8:42:40 AM:225,10/25/2022 8:42:41 AM:405,00:01.2
179,TCP,10.0.2.15,13.107.4.50,49838,80,,,http,8,686 Bytes,"1,479 Bytes",,10/25/2022 8:42:40 AM:702,10/25/2022 8:42:40 AM:955,00:00.3
180,TCP,10.0.2.15,209.197.3.8,49839,80,,vip0x008.map2.ssl.hwcdn.net,http,776,"993,218 Bytes","1,024,735 Bytes",21085.6 KB/Sec,10/25/2022 8:42:40 AM:991,10/25/2022 8:42:44 AM:065,00:03.1
181,TCP,10.0.2.15,13.107.4.50,49840,80,,,http,8,686 Bytes,"1,479 Bytes",41.9 KB/Sec,10/25/2022 8:42:41 AM:670,10/25/2022 8:42:42 AM:530,00:00.9
182,TCP,10.0.2.15,8.241.166.254,49842,80,,,http,8,789 Bytes,"1,574 Bytes",24.9 KB/Sec,10/25/2022 8:42:41 AM:803,10/25/2022 8:42:43 AM:999,00:02.2
183,TCP,10.0.2.15,8.241.130.126,49841,80,,,http,8,789 Bytes,"1,574 Bytes",24.9 KB/Sec,10/25/2022 8:42:41 AM:831,10/25/2022 8:42:43 AM:999,00:02.2
184,TCP,10.0.2.15,40.125.122.151,49843,443,,,https,31,"4,815 Bytes","6,311 Bytes",293.9 KB/Sec,10/25/2022 8:42:43 AM:604,10/25/2022 8:42:44 AM:725,00:01.1
185,TCP,10.0.2.15,13.107.4.50,49844,80,,,http,8,686 Bytes,"1,479 Bytes",,10/25/2022 8:42:43 AM:830,10/25/2022 8:42:43 AM:956,00:00.1
186,UDP,10.0.2.15,192.168.0.1,59915,53,,,domain,2,248 Bytes,384 Bytes,,10/25/2022 8:42:44 AM:573,10/25/2022 8:42:44 AM:593,00:00.0
187,TCP,10.0.2.15,8.241.143.126,49847,80,,,http,480,"524,309 Bytes","543,970 Bytes",4096.2 KB/Sec,10/25/2022 8:42:44 AM:702,10/25/2022 8:43:02 AM:403,00:17.7
188,TCP,10.0.2.15,8.241.129.126,49846,80,,,http,8,"1,334 Bytes","2,115 Bytes",10.4 KB/Sec,10/25/2022 8:42:44 AM:706,10/25/2022 8:43:02 AM:403,00:17.7
189,TCP,10.0.2.15,52.182.143.211,49845,443,,,https,20,"8,098 Bytes","9,152 Bytes",494.3 KB/Sec,10/25/2022 8:42:44 AM:815,10/25/2022 8:42:46 AM:646,00:01.8
190,TCP,10.0.2.15,117.18.232.240,49848,80,,,http,412,"448,463 Bytes","465,401 Bytes",3503.6 KB/Sec,10/25/2022 8:42:45 AM:151,10/25/2022 8:43:02 AM:324,00:17.2
191,TCP,10.0.2.15,40.125.122.151,49849,443,,,https,32,"4,826 Bytes","6,362 Bytes",74.8 KB/Sec,10/25/2022 8:42:46 AM:412,10/25/2022 8:42:50 AM:364,00:04.0
192,TCP,10.0.2.15,52.182.143.211,49850,443,,,https,21,"7,918 Bytes","9,012 Bytes",164.5 KB/Sec,10/25/2022 8:42:48 AM:567,10/25/2022 8:42:51 AM:099,00:02.5
193,TCP,10.0.2.15,123.176.32.145,49851,443,,broadband.actcorp.in,https,9,"3,792 Bytes","4,404 Bytes",,10/25/2022 8:42:49 AM:195,10/25/2022 8:42:49 AM:974,00:00.8
194,TCP,10.0.2.15,123.176.32.145,49852,443,,broadband.actcorp.in,https,9,"3,792 Bytes","4,404 Bytes",,10/25/2022 8:42:49 AM:317,10/25/2022 8:42:49 AM:992,00:00.7
195,TCP,10.0.2.15,123.176.32.145,49853,443,,broadband.actcorp.in,https,8,"3,792 Bytes","4,364 Bytes",,10/25/2022 8:42:49 AM:339,10/25/2022 8:42:49 AM:992,00:00.7
196,TCP,10.0.2.15,123.176.32.145,49854,443,,broadband.actcorp.in,https,23,"4,426 Bytes","5,598 Bytes",23.1 KB/Sec,10/25/2022 8:42:49 AM:364,10/25/2022 8:43:17 AM:653,00:28.3
197,TCP,10.0.2.15,123.176.32.145,49855,443,,broadband.actcorp.in,https,9,"3,791 Bytes","4,403 Bytes",,10/25/2022 8:42:49 AM:865,10/25/2022 8:42:49 AM:974,00:00.1
198,TCP,10.0.2.15,123.176.32.145,49856,443,,broadband.actcorp.in,https,9,"3,791 Bytes","4,403 Bytes",,10/25/2022 8:42:49 AM:881,10/25/2022 8:42:49 AM:974,00:00.1
199,UDP,10.0.2.15,192.168.0.1,56029,53,,,domain,2,175 Bytes,295 Bytes,,10/25/2022 8:42:53 AM:224,10/25/2022 8:42:53 AM:239,00:00.0
200,TCP,10.0.2.15,13.107.21.239,49857,443,,,https,27,"8,093 Bytes","9,730 Bytes",,10/25/2022 8:42:53 AM:271,10/25/2022 8:42:55 AM:892,00:02.6
201,UDP,10.0.2.15,192.168.0.1,59314,53,,,domain,2,221 Bytes,352 Bytes,,10/25/2022 8:43:00 AM:716,10/25/2022 8:43:00 AM:731,00:00.0
202,UDP,10.0.2.15,192.168.0.1,60526,53,,,domain,2,217 Bytes,354 Bytes,,10/25/2022 8:43:00 AM:965,10/25/2022 8:43:00 AM:965,00:00.0
203,TCP,10.0.2.15,20.189.173.14,49858,443,,,https,20,"8,096 Bytes","9,150 Bytes",494.1 KB/Sec,10/25/2022 8:43:00 AM:981,10/25/2022 8:43:02 AM:356,00:01.4
204,TCP,10.0.2.15,104.120.154.29,49859,443,,a104-120-154-29.deploy.static.akamaitechnologies.com,https,21,"7,197 Bytes","8,297 Bytes",9.8 KB/Sec,10/25/2022 8:43:00 AM:997,10/25/2022 8:44:09 AM:749,01:08.8
205,UDP,10.0.2.15,192.168.0.1,64384,53,,,domain,2,219 Bytes,355 Bytes,,10/25/2022 8:43:01 AM:419,10/25/2022 8:43:01 AM:434,00:00.0
206,TCP,10.0.2.15,13.107.4.50,49860,80,,,http,710,"866,125 Bytes","894,990 Bytes",10706.6 KB/Sec,10/25/2022 8:43:01 AM:450,10/25/2022 8:43:11 AM:683,00:10.2
207,TCP,10.0.2.15,209.197.3.8,49861,80,,vip0x008.map2.ssl.hwcdn.net,http,6,798 Bytes,"1,503 Bytes",48.7 KB/Sec,10/25/2022 8:43:01 AM:730,10/25/2022 8:43:03 AM:542,00:01.8
208,TCP,10.0.2.15,20.189.173.14,49862,443,,,https,20,"7,917 Bytes","8,971 Bytes",483.2 KB/Sec,10/25/2022 8:43:03 AM:137,10/25/2022 8:43:04 AM:684,00:01.5
209,UDP,10.0.2.15,239.255.255.250,64385,1900,,,ssdp,8,"1,400 Bytes","1,827 Bytes",85.4 KB/Sec,10/25/2022 8:43:03 AM:215,10/25/2022 8:43:06 AM:231,00:03.0
210,TCP,10.0.2.15,209.197.3.8,49863,80,,vip0x008.map2.ssl.hwcdn.net,http,604,"733,338 Bytes","757,975 Bytes",11367.5 KB/Sec,10/25/2022 8:43:03 AM:605,10/25/2022 8:43:11 AM:809,00:08.2
211,UDP,10.0.2.15,192.168.0.1,64622,53,,,domain,2,221 Bytes,352 Bytes,,10/25/2022 8:43:11 AM:528,10/25/2022 8:43:11 AM:528,00:00.0
212,TCP,10.0.2.15,8.241.136.254,49864,80,,,http,437,"521,389 Bytes","539,330 Bytes",6527.8 KB/Sec,10/25/2022 8:43:11 AM:589,10/25/2022 8:43:22 AM:480,00:10.9
213,TCP,10.0.2.15,8.241.166.254,49865,80,,,http,8,"1,334 Bytes","2,115 Bytes",16.7 KB/Sec,10/25/2022 8:43:11 AM:605,10/25/2022 8:43:22 AM:480,00:10.9
214,TCP,10.0.2.15,20.189.173.14,49866,443,,,https,21,"8,425 Bytes","9,519 Bytes",548.5 KB/Sec,10/25/2022 8:43:11 AM:792,10/25/2022 8:43:12 AM:809,00:01.0
215,UDP,10.0.2.15,192.168.0.1,56022,53,,,domain,2,214 Bytes,350 Bytes,,10/25/2022 8:43:16 AM:027,10/25/2022 8:43:16 AM:027,00:00.0
216,TCP,10.0.2.15,104.120.154.29,49867,443,,a104-120-154-29.deploy.static.akamaitechnologies.com,https,21,"7,894 Bytes","8,993 Bytes",5.1 KB/Sec,10/25/2022 8:43:16 AM:058,10/25/2022 8:45:32 AM:964,02:16.9
217,TCP,10.0.2.15,13.107.4.50,49868,80,,,http,761,"874,885 Bytes","905,790 Bytes",4208.8 KB/Sec,10/25/2022 8:43:16 AM:667,10/25/2022 8:43:40 AM:661,00:24.0
218,TCP,10.0.2.15,20.198.119.143,49869,443,,,https,3,184 Bytes,528 Bytes,,10/25/2022 8:43:17 AM:278,10/25/2022 8:43:17 AM:325,00:00.0
219,UDP,10.0.2.15,192.168.0.1,50754,53,,,domain,2,221 Bytes,352 Bytes,,10/25/2022 8:43:19 AM:714,10/25/2022 8:43:19 AM:731,00:00.0
220,TCP,10.0.2.15,20.189.173.14,49871,443,,,https,20,"8,048 Bytes","9,102 Bytes",,10/25/2022 8:43:19 AM:983,10/25/2022 8:43:20 AM:933,00:01.0
221,UDP,10.0.2.15,192.168.0.1,55971,53,,,domain,2,214 Bytes,350 Bytes,,10/25/2022 8:43:20 AM:296,10/25/2022 8:43:20 AM:313,00:00.0
222,TCP,10.0.2.15,104.120.154.29,49872,443,,a104-120-154-29.deploy.static.akamaitechnologies.com,https,21,"7,778 Bytes","8,877 Bytes",5.1 KB/Sec,10/25/2022 8:43:20 AM:325,10/25/2022 8:45:33 AM:089,02:12.8
223,UDP,10.0.2.15,192.168.0.1,65125,53,,,domain,4,314 Bytes,506 Bytes,19.2 KB/Sec,10/25/2022 8:43:21 AM:231,10/25/2022 8:43:21 AM:449,00:00.2
224,TCP,10.0.2.15,40.125.122.151,49873,443,,,https,31,"4,808 Bytes","6,304 Bytes",99.9 KB/Sec,10/25/2022 8:43:21 AM:231,10/25/2022 8:43:23 AM:324,00:02.1
225,TCP,10.0.2.15,41.63.105.128,49874,80,,https-41-63-105-128.hyd.llnw.net,http,749,"934,035 Bytes","964,454 Bytes",5303.2 KB/Sec,10/25/2022 8:43:22 AM:012,10/25/2022 8:43:37 AM:614,00:15.6
226,TCP,10.0.2.15,20.189.173.14,49875,443,,,https,20,"7,914 Bytes","8,968 Bytes",,10/25/2022 8:43:22 AM:730,10/25/2022 8:43:24 AM:465,00:01.7
227,TCP,10.0.2.15,104.120.154.29,49876,443,,a104-120-154-29.deploy.static.akamaitechnologies.com,https,21,"7,780 Bytes","8,879 Bytes",5.4 KB/Sec,10/25/2022 8:43:25 AM:137,10/25/2022 8:45:33 AM:089,02:08.0
228,UDP,10.0.2.15,192.168.0.1,57674,53,,,domain,2,252 Bytes,382 Bytes,,10/25/2022 8:43:25 AM:278,10/25/2022 8:43:25 AM:278,00:00.0
229,TCP,10.0.2.15,13.107.4.50,49877,80,,,http,6,"2,240 Bytes","2,832 Bytes",3.8 KB/Sec,10/25/2022 8:43:25 AM:310,10/25/2022 8:44:30 AM:625,01:05.3
230,UDP,10.0.2.15,192.168.0.1,60530,53,,,domain,2,221 Bytes,352 Bytes,,10/25/2022 8:43:25 AM:480,10/25/2022 8:43:25 AM:496,00:00.0
231,TCP,10.0.2.15,20.189.173.14,49878,443,,,https,22,"8,235 Bytes","9,369 Bytes",502.6 KB/Sec,10/25/2022 8:43:25 AM:731,10/25/2022 8:43:26 AM:981,00:01.3
232,UDP,10.0.2.15,192.168.0.1,49253,53,,,domain,2,248 Bytes,384 Bytes,,10/25/2022 8:43:26 AM:059,10/25/2022 8:43:26 AM:059,00:00.0
233,TCP,10.0.2.15,8.241.166.254,49879,80,,,http,8,"1,454 Bytes","2,235 Bytes",11.4 KB/Sec,10/25/2022 8:43:26 AM:230,10/25/2022 8:43:42 AM:661,00:16.4
234,TCP,10.0.2.15,8.241.130.126,49880,80,,,http,369,"406,354 Bytes","421,575 Bytes",3174.6 KB/Sec,10/25/2022 8:43:26 AM:261,10/25/2022 8:43:42 AM:661,00:16.4
235,TCP,10.0.2.15,123.176.32.145,49881,443,,broadband.actcorp.in,https,57,"18,201 Bytes","20,733 Bytes",34.4 KB/Sec,10/25/2022 8:43:27 AM:896,10/25/2022 8:44:26 AM:265,00:58.4
236,TCP,10.0.2.15,20.189.173.14,49882,443,,,https,22,"8,204 Bytes","9,338 Bytes",,10/25/2022 8:43:28 AM:699,10/25/2022 8:43:30 AM:387,00:01.7
237,UDP,10.0.2.15,192.168.0.1,55015,53,,,domain,2,217 Bytes,354 Bytes,,10/25/2022 8:43:36 AM:974,10/25/2022 8:43:37 AM:020,00:00.0
238,TCP,10.0.2.15,104.120.154.29,49884,443,,a104-120-154-29.deploy.static.akamaitechnologies.com,https,22,"7,197 Bytes","8,337 Bytes",5.4 KB/Sec,10/25/2022 8:43:37 AM:067,10/25/2022 8:45:29 AM:481,01:52.4
239,TCP,10.0.2.15,41.63.105.128,49886,80,,https-41-63-105-128.hyd.llnw.net,http,895,"1,042,796 Bytes","1,079,055 Bytes",9342.7 KB/Sec,10/25/2022 8:43:40 AM:786,10/25/2022 8:43:47 AM:661,00:06.9
240,TCP,10.0.2.15,40.125.122.151,49887,443,,,https,32,"4,812 Bytes","6,348 Bytes",102.2 KB/Sec,10/25/2022 8:43:42 AM:068,10/25/2022 8:43:44 AM:271,00:02.2
241,UDP,10.0.2.15,192.168.0.1,59984,53,,,domain,2,221 Bytes,352 Bytes,,10/25/2022 8:43:43 AM:021,10/25/2022 8:43:43 AM:052,00:00.0
242,TCP,10.0.2.15,20.189.173.14,49888,443,,,https,22,"8,536 Bytes","9,670 Bytes",555.7 KB/Sec,10/25/2022 8:43:43 AM:739,10/25/2022 8:43:45 AM:224,00:01.5
243,UDP,10.0.2.15,192.168.0.1,56698,53,,,domain,2,214 Bytes,350 Bytes,,10/25/2022 8:43:45 AM:993,10/25/2022 8:43:45 AM:993,00:00.0
244,TCP,10.0.2.15,104.120.154.29,49889,443,,a104-120-154-29.deploy.static.akamaitechnologies.com,https,21,"7,754 Bytes","8,853 Bytes",6.1 KB/Sec,10/25/2022 8:43:46 AM:020,10/25/2022 8:45:33 AM:105,01:47.1
245,TCP,10.0.2.15,13.107.4.50,49890,80,,,http,8,"4,164 Bytes","4,836 Bytes",7.2 KB/Sec,10/25/2022 8:43:46 AM:176,10/25/2022 8:44:51 AM:141,01:05.0
246,UDP,10.0.2.15,192.168.0.1,61348,53,,,domain,2,256 Bytes,393 Bytes,,10/25/2022 8:43:46 AM:270,10/25/2022 8:43:46 AM:270,00:00.0
247,TCP,10.0.2.15,117.18.232.240,49891,80,,,http,407,"412,067 Bytes","428,807 Bytes",12980.9 KB/Sec,10/25/2022 8:43:46 AM:333,10/25/2022 8:43:47 AM:927,00:01.6
248,TCP,10.0.2.15,8.241.143.126,49892,80,,,http,812,"1,032,649 Bytes","1,065,590 Bytes",16265.3 KB/Sec,10/25/2022 8:43:47 AM:208,10/25/2022 8:43:51 AM:896,00:04.7
249,TCP,10.0.2.15,8.241.129.126,49893,80,,,http,8,"1,454 Bytes","2,235 Bytes",22.9 KB/Sec,10/25/2022 8:43:47 AM:208,10/25/2022 8:43:51 AM:396,00:04.2
250,TCP,10.0.2.15,117.18.232.240,49894,80,,,http,861,"1,036,998 Bytes","1,071,898 Bytes",9206.3 KB/Sec,10/25/2022 8:43:51 AM:380,10/25/2022 8:43:57 AM:348,00:06.0
251,TCP,10.0.2.15,41.63.105.128,49895,80,,https-41-63-105-128.hyd.llnw.net,http,853,"1,038,416 Bytes","1,072,995 Bytes",4630.5 KB/Sec,10/25/2022 8:43:51 AM:661,10/25/2022 8:44:06 AM:420,00:14.8
252,TCP,10.0.2.15,8.241.136.254,49897,80,,,http,797,"1,032,647 Bytes","1,064,988 Bytes",8067.6 KB/Sec,10/25/2022 8:43:57 AM:193,10/25/2022 8:44:07 AM:028,00:09.8
253,TCP,10.0.2.15,8.241.166.254,49898,80,,,http,802,"1,032,532 Bytes","1,065,073 Bytes",8066.7 KB/Sec,10/25/2022 8:43:57 AM:193,10/25/2022 8:44:07 AM:028,00:09.8
254,TCP,10.0.2.15,117.18.232.240,49899,80,,,http,740,"928,958 Bytes","959,018 Bytes",8322.8 KB/Sec,10/25/2022 8:44:02 AM:036,10/25/2022 8:44:15 AM:497,00:13.5
255,UDP,10.0.2.15,192.168.0.1,56801,53,,,domain,3,287 Bytes,437 Bytes,,10/25/2022 8:44:02 AM:364,10/25/2022 8:44:02 AM:723,00:00.4
256,UDP,10.0.2.15,52.98.86.162,54094,443,,,https,43,"19,830 Bytes","22,312 Bytes",624.7 KB/Sec,10/25/2022 8:44:03 AM:942,10/25/2022 8:44:05 AM:458,00:01.5
257,TCP,10.0.2.15,52.98.86.162,49901,443,,,https,18,"6,118 Bytes","7,395 Bytes",373.4 KB/Sec,10/25/2022 8:44:04 AM:473,10/25/2022 8:44:06 AM:169,00:01.7
258,UDP,10.0.2.15,192.168.0.1,65449,53,,,domain,4,434 Bytes,627 Bytes,28.3 KB/Sec,10/25/2022 8:44:08 AM:749,10/25/2022 8:44:09 AM:842,00:01.1
259,TCP,10.0.2.15,104.120.154.29,49902,443,,a104-120-154-29.deploy.static.akamaitechnologies.com,https,19,"7,166 Bytes","8,186 Bytes",2.9 KB/Sec,10/25/2022 8:44:11 AM:044,10/25/2022 8:47:20 AM:573,03:09.5
260,TCP,10.0.2.15,41.63.105.128,49903,80,,https-41-63-105-128.hyd.llnw.net,http,824,"1,035,498 Bytes","1,068,917 Bytes",5378.9 KB/Sec,10/25/2022 8:44:16 AM:310,10/25/2022 8:44:43 AM:562,00:27.3
261,TCP,10.0.2.15,204.79.197.200,49904,443,,a-0001.a-msedge.net,https,205,"108,400 Bytes","117,145 Bytes",48.0 KB/Sec,10/25/2022 8:44:16 AM:576,10/25/2022 8:47:06 AM:417,02:49.8
262,UDP,10.0.2.15,192.168.0.1,53147,53,,,domain,4,406 Bytes,576 Bytes,,10/25/2022 8:44:18 AM:122,10/25/2022 8:44:18 AM:482,00:00.4
263,TCP,10.0.2.15,13.107.21.200,49905,443,,,https,28,"11,444 Bytes","12,801 Bytes",13.2 KB/Sec,10/25/2022 8:44:19 AM:659,10/25/2022 8:45:30 AM:277,01:10.6
264,TCP,10.0.2.15,40.99.34.210,49906,443,,,https,23,"4,463 Bytes","5,936 Bytes",2.4 KB/Sec,10/25/2022 8:44:22 AM:906,10/25/2022 8:46:31 AM:839,02:08.9
265,TCP,10.0.2.15,40.99.34.210,49907,443,,,https,15,950 Bytes,"2,103 Bytes",0.5 KB/Sec,10/25/2022 8:44:24 AM:906,10/25/2022 8:46:35 AM:782,02:10.9
266,TCP,10.0.2.15,8.241.130.126,49908,80,,,http,"3,038","3,609,336 Bytes","3,731,317 Bytes",2891.5 KB/Sec,10/25/2022 8:44:25 AM:844,10/25/2022 8:45:42 AM:308,01:16.5
267,TCP,10.0.2.15,8.241.129.126,49909,80,,,http,"2,752","3,293,947 Bytes","3,404,488 Bytes",2606.8 KB/Sec,10/25/2022 8:44:25 AM:938,10/25/2022 8:45:42 AM:566,01:16.6
268,UDP,10.0.2.15,192.168.0.1,58261,53,,,domain,6,399 Bytes,624 Bytes,12.6 KB/Sec,10/25/2022 8:44:27 AM:422,10/25/2022 8:44:30 AM:598,00:03.2
269,TCP,10.0.2.15,117.18.232.240,49912,80,,,http,993,"1,036,856 Bytes","1,077,036 Bytes",1506.8 KB/Sec,10/25/2022 8:44:32 AM:830,10/25/2022 8:45:08 AM:277,00:35.4
270,TCP,10.0.2.15,117.18.232.240,49914,80,,,http,849,"1,004,772 Bytes","1,039,206 Bytes",1697.6 KB/Sec,10/25/2022 8:44:35 AM:249,10/25/2022 8:45:08 AM:277,00:33.0
271,TCP,10.0.2.15,41.63.105.128,49916,80,,https-41-63-105-128.hyd.llnw.net,http,"1,600","2,021,692 Bytes","2,086,151 Bytes",3080.0 KB/Sec,10/25/2022 8:44:47 AM:750,10/25/2022 8:45:25 AM:948,00:38.2
272,UDP,10.0.2.15,192.168.0.1,55424,53,,,domain,6,621 Bytes,861 Bytes,37.9 KB/Sec,10/25/2022 8:44:49 AM:593,10/25/2022 8:44:51 AM:141,00:01.5
273,UDP,10.0.2.15,192.168.0.1,55371,53,,,domain,6,657 Bytes,902 Bytes,40.1 KB/Sec,10/25/2022 8:44:50 AM:031,10/25/2022 8:44:51 AM:405,00:01.4
274,TCP,10.0.2.15,13.89.179.8,49917,443,,,https,29,"11,166 Bytes","12,595 Bytes",3.6 KB/Sec,10/25/2022 8:44:51 AM:129,10/25/2022 8:48:19 AM:683,03:28.6
275,TCP,10.0.2.15,41.63.105.128,49918,80,,https-41-63-105-128.hyd.llnw.net,http,"2,439","3,118,665 Bytes","3,217,725 Bytes",4992.7 KB/Sec,10/25/2022 8:44:51 AM:660,10/25/2022 8:45:25 AM:934,00:34.3
276,UDP,10.0.2.15,192.168.0.1,54939,53,,,domain,2,194 Bytes,309 Bytes,,10/25/2022 8:44:58 AM:761,10/25/2022 8:44:58 AM:761,00:00.0
277,TCP,10.0.2.15,204.79.197.222,49922,443,,,https,45,"16,379 Bytes","18,417 Bytes",9.4 KB/Sec,10/25/2022 8:44:58 AM:794,10/25/2022 8:47:05 AM:995,02:07.2
278,UDP,10.0.2.15,192.168.0.1,52749,53,,,domain,2,147 Bytes,268 Bytes,,10/25/2022 8:45:01 AM:386,10/25/2022 8:45:01 AM:386,00:00.0
279,TCP,10.0.2.15,13.107.136.254,49923,443,,,https,36,"8,389 Bytes","10,073 Bytes",5.1 KB/Sec,10/25/2022 8:45:01 AM:434,10/25/2022 8:47:02 AM:886,02:01.5
280,UDP,10.0.2.15,192.168.0.1,60596,53,,,domain,2,137 Bytes,256 Bytes,,10/25/2022 8:45:01 AM:652,10/25/2022 8:45:01 AM:652,00:00.0
281,TCP,10.0.2.15,13.107.42.254,49924,443,,,https,37,"8,387 Bytes","10,109 Bytes",5.1 KB/Sec,10/25/2022 8:45:01 AM:714,10/25/2022 8:47:02 AM:886,02:01.2
282,UDP,10.0.2.15,192.168.0.1,52710,53,,,domain,2,239 Bytes,394 Bytes,,10/25/2022 8:45:01 AM:823,10/25/2022 8:45:01 AM:839,00:00.0
283,UDP,10.0.2.15,192.168.0.1,62573,53,,,domain,2,114 Bytes,247 Bytes,,10/25/2022 8:45:01 AM:854,10/25/2022 8:45:01 AM:854,00:00.0
284,UDP,10.0.2.15,239.255.255.250,62574,1900,,,ssdp,8,"1,400 Bytes","1,827 Bytes",12.5 KB/Sec,10/25/2022 8:45:03 AM:292,10/25/2022 8:45:06 AM:464,00:03.2
285,TCP,10.0.2.15,20.24.193.65,49920,443,,,https,3,211 Bytes,582 Bytes,0.1 KB/Sec,10/25/2022 8:45:06 AM:308,10/25/2022 8:48:06 AM:308,03:00.0
286,UDP,10.0.2.15,192.168.0.1,63259,53,,,domain,2,266 Bytes,409 Bytes,,10/25/2022 8:45:15 AM:589,10/25/2022 8:45:15 AM:589,00:00.0
287,UDP,10.0.2.15,192.168.0.1,53733,53,,,domain,6,429 Bytes,678 Bytes,27.9 KB/Sec,10/25/2022 8:45:20 AM:449,10/25/2022 8:45:29 AM:356,00:08.9
288,TCP,10.0.2.15,204.79.197.203,49926,443,,a-0003.a-msedge.net,https,65,"44,807 Bytes","47,643 Bytes",44.4 KB/Sec,10/25/2022 8:45:29 AM:543,10/25/2022 8:46:34 AM:995,01:05.5
289,TCP,10.0.2.15,104.120.154.29,49927,443,,a104-120-154-29.deploy.static.akamaitechnologies.com,https,20,"7,195 Bytes","8,255 Bytes",5.9 KB/Sec,10/25/2022 8:45:29 AM:980,10/25/2022 8:46:53 AM:932,01:24.0
290,UDP,10.0.2.15,192.168.0.1,53809,53,,,domain,2,139 Bytes,263 Bytes,,10/25/2022 8:45:31 AM:277,10/25/2022 8:45:31 AM:292,00:00.0
291,TCP,10.0.2.15,41.63.105.128,49929,80,,https-41-63-105-128.hyd.llnw.net,http,"9,199","9,185,727 Bytes","9,554,062 Bytes",1932.9 KB/Sec,10/25/2022 8:45:31 AM:432,10/25/2022 8:51:17 AM:136,05:45.7
292,TCP,10.0.2.15,41.63.105.128,49930,80,,https-41-63-105-128.hyd.llnw.net,http,"5,262","5,261,504 Bytes","5,472,458 Bytes",1543.9 KB/Sec,10/25/2022 8:45:31 AM:933,10/25/2022 8:49:23 AM:902,03:52.0
293,TCP,10.0.2.15,117.18.232.240,49931,80,,,http,"10,340","10,580,332 Bytes","10,994,392 Bytes",2234.0 KB/Sec,10/25/2022 8:45:32 AM:198,10/25/2022 8:51:17 AM:136,05:44.9
294,UDP,10.0.2.15,192.168.0.1,54907,53,,,domain,4,342 Bytes,531 Bytes,,10/25/2022 8:45:32 AM:261,10/25/2022 8:45:32 AM:479,00:00.2
295,UDP,10.0.2.15,192.168.0.1,50509,53,,,domain,4,314 Bytes,506 Bytes,,10/25/2022 8:45:32 AM:355,10/25/2022 8:45:32 AM:527,00:00.2
296,TCP,10.0.2.15,117.18.232.240,49932,80,,,http,"11,005","11,419,700 Bytes","11,860,374 Bytes",2419.1 KB/Sec,10/25/2022 8:45:32 AM:870,10/25/2022 8:51:17 AM:136,05:44.3
297,TCP,10.0.2.15,41.63.105.128,49933,80,,https-41-63-105-128.hyd.llnw.net,http,"4,892","4,956,510 Bytes","5,153,301 Bytes",1504.1 KB/Sec,10/25/2022 8:45:35 AM:292,10/25/2022 8:49:23 AM:902,03:48.6
298,TCP,10.0.2.15,8.241.136.254,49935,80,,,http,826,"1,038,374 Bytes","1,071,876 Bytes",3414.3 KB/Sec,10/25/2022 8:45:47 AM:808,10/25/2022 8:46:13 AM:593,00:25.8
299,TCP,10.0.2.15,8.241.143.126,49936,80,,,http,8,"1,454 Bytes","2,235 Bytes",4.8 KB/Sec,10/25/2022 8:45:47 AM:808,10/25/2022 8:46:13 AM:480,00:25.7
300,TCP,10.0.2.15,41.63.105.128,49937,80,,https-41-63-105-128.hyd.llnw.net,http,"6,916","6,517,760 Bytes","6,794,775 Bytes",1567.0 KB/Sec,10/25/2022 8:45:55 AM:979,10/25/2022 8:51:20 AM:823,05:24.8
301,UDP,10.0.2.15,192.168.0.1,51391,53,,,domain,2,217 Bytes,354 Bytes,,10/25/2022 8:46:01 AM:027,10/25/2022 8:46:01 AM:042,00:00.0
302,TCP,10.0.2.15,104.120.154.29,49938,443,,a104-120-154-29.deploy.static.akamaitechnologies.com,https,19,"7,197 Bytes","8,217 Bytes",7.4 KB/Sec,10/25/2022 8:46:01 AM:058,10/25/2022 8:47:23 AM:370,01:22.3
303,UDP,10.0.2.15,192.168.0.1,52878,53,,,domain,4,428 Bytes,620 Bytes,,10/25/2022 8:46:01 AM:698,10/25/2022 8:46:01 AM:730,00:00.0
304,TCP,10.0.2.15,104.120.154.29,49939,443,,a104-120-154-29.deploy.static.akamaitechnologies.com,https,21,"7,778 Bytes","8,877 Bytes",11.3 KB/Sec,10/25/2022 8:46:01 AM:761,10/25/2022 8:47:03 AM:808,01:02.0
305,UDP,10.0.2.15,192.168.0.1,49711,53,,,domain,2,252 Bytes,382 Bytes,,10/25/2022 8:46:01 AM:840,10/25/2022 8:46:01 AM:840,00:00.0
306,TCP,10.0.2.15,13.107.4.50,49940,80,,,http,8,"1,531 Bytes","2,202 Bytes",2.3 KB/Sec,10/25/2022 8:46:01 AM:902,10/25/2022 8:47:03 AM:481,01:01.6
307,UDP,10.0.2.15,192.168.0.1,59213,53,,,domain,2,224 Bytes,355 Bytes,,10/25/2022 8:46:02 AM:073,10/25/2022 8:46:02 AM:105,00:00.0
308,TCP,10.0.2.15,13.89.178.27,49941,443,,,https,27,"11,456 Bytes","12,790 Bytes",,10/25/2022 8:46:02 AM:370,10/25/2022 8:46:04 AM:386,00:02.0
309,UDP,10.0.2.15,192.168.0.1,54888,53,,,domain,2,214 Bytes,350 Bytes,,10/25/2022 8:46:03 AM:089,10/25/2022 8:46:03 AM:089,00:00.0
310,TCP,10.0.2.15,104.120.154.29,49942,443,,a104-120-154-29.deploy.static.akamaitechnologies.com,https,21,"7,779 Bytes","8,878 Bytes",11.6 KB/Sec,10/25/2022 8:46:03 AM:200,10/25/2022 8:47:03 AM:808,01:00.6
311,TCP,10.0.2.15,13.107.4.50,49943,80,,,http,8,"1,533 Bytes","2,205 Bytes",2.3 KB/Sec,10/25/2022 8:46:03 AM:464,10/25/2022 8:47:04 AM:323,01:00.9
312,TCP,10.0.2.15,13.107.4.50,49944,80,,,http,790,"866,704 Bytes","898,768 Bytes",2357.6 KB/Sec,10/25/2022 8:46:04 AM:652,10/25/2022 8:46:38 AM:793,00:34.1
313,TCP,10.0.2.15,8.241.129.126,49946,80,,,http,457,"500,665 Bytes","519,406 Bytes",1421.3 KB/Sec,10/25/2022 8:46:05 AM:340,10/25/2022 8:46:38 AM:886,00:33.5
314,TCP,10.0.2.15,8.241.130.126,49947,80,,,http,8,"1,334 Bytes","2,115 Bytes",3.8 KB/Sec,10/25/2022 8:46:05 AM:340,10/25/2022 8:46:38 AM:886,00:33.5
315,TCP,10.0.2.15,13.89.178.27,49945,443,,,https,21,"8,196 Bytes","9,290 Bytes",85.1 KB/Sec,10/25/2022 8:46:05 AM:340,10/25/2022 8:46:13 AM:424,00:08.1
316,TCP,10.0.2.15,20.198.118.190,49948,443,,,https,3,184 Bytes,528 Bytes,11.2 KB/Sec,10/25/2022 8:46:15 AM:386,10/25/2022 8:46:15 AM:495,00:00.1
317,UDP,10.0.2.15,192.168.0.1,58655,53,,,domain,2,224 Bytes,355 Bytes,,10/25/2022 8:46:23 AM:214,10/25/2022 8:46:23 AM:246,00:00.0
318,TCP,10.0.2.15,13.89.178.27,49950,443,,,https,22,"8,287 Bytes","9,421 Bytes",505.8 KB/Sec,10/25/2022 8:46:23 AM:527,10/25/2022 8:46:25 AM:276,00:01.7
319,TCP,10.0.2.15,13.89.178.27,49951,443,,,https,21,"8,403 Bytes","9,497 Bytes",,10/25/2022 8:46:25 AM:777,10/25/2022 8:46:26 AM:887,00:01.1
320,TCP,10.0.2.15,13.89.178.27,49952,443,,,https,20,"8,159 Bytes","9,213 Bytes",498.0 KB/Sec,10/25/2022 8:46:30 AM:214,10/25/2022 8:46:31 AM:433,00:01.2
321,UDP,10.0.2.15,192.168.0.1,56454,53,,,domain,4,442 Bytes,629 Bytes,,10/25/2022 8:46:37 AM:746,10/25/2022 8:46:37 AM:777,00:00.0
322,TCP,10.0.2.15,52.168.112.67,49953,443,,,https,22,"8,428 Bytes","9,562 Bytes",514.4 KB/Sec,10/25/2022 8:46:38 AM:011,10/25/2022 8:46:39 AM:558,00:01.5
323,UDP,10.0.2.15,192.168.0.1,59685,53,,,domain,2,221 Bytes,352 Bytes,,10/25/2022 8:46:42 AM:839,10/25/2022 8:46:42 AM:839,00:00.0
324,TCP,10.0.2.15,52.168.112.67,49954,443,,,https,21,"8,432 Bytes","9,526 Bytes",,10/25/2022 8:46:43 AM:106,10/25/2022 8:46:44 AM:230,00:01.1
325,TCP,10.0.2.15,52.168.112.67,49955,443,,,https,22,"8,345 Bytes","9,479 Bytes",543.3 KB/Sec,10/25/2022 8:46:48 AM:292,10/25/2022 8:46:49 AM:762,00:01.5
326,UDP,10.0.2.15,192.168.0.1,64663,53,,,domain,2,169 Bytes,311 Bytes,,10/25/2022 8:46:50 AM:683,10/25/2022 8:46:50 AM:683,00:00.0
327,TCP,10.0.2.15,40.64.66.113,49956,443,,,https,45,"10,711 Bytes","12,776 Bytes",222.6 KB/Sec,10/25/2022 8:46:51 AM:230,10/25/2022 8:46:52 AM:902,00:01.7
328,UDP,10.0.2.15,192.168.0.1,58006,53,,,domain,4,442 Bytes,629 Bytes,28.8 KB/Sec,10/25/2022 8:46:51 AM:370,10/25/2022 8:46:51 AM:417,00:00.0
329,TCP,10.0.2.15,52.168.112.67,49957,443,,,https,20,"8,089 Bytes","9,143 Bytes",246.9 KB/Sec,10/25/2022 8:46:51 AM:808,10/25/2022 8:46:53 AM:214,00:01.4
330,UDP,10.0.2.15,192.168.0.1,63222,53,,,domain,2,217 Bytes,354 Bytes,,10/25/2022 8:46:53 AM:902,10/25/2022 8:46:53 AM:932,00:00.0
331,TCP,10.0.2.15,104.120.154.29,49958,443,,a104-120-154-29.deploy.static.akamaitechnologies.com,https,22,"7,198 Bytes","8,338 Bytes",6.1 KB/Sec,10/25/2022 8:46:53 AM:968,10/25/2022 8:48:19 AM:418,01:25.5
332,TCP,10.0.2.15,52.168.112.67,49959,443,,,https,28,"11,564 Bytes","12,938 Bytes",144.8 KB/Sec,10/25/2022 8:46:55 AM:330,10/25/2022 8:47:03 AM:652,00:08.3
333,TCP,10.0.2.15,104.120.154.29,49961,443,,a104-120-154-29.deploy.static.akamaitechnologies.com,https,18,"7,220 Bytes","8,199 Bytes",3.7 KB/Sec,10/25/2022 8:47:01 AM:526,10/25/2022 8:49:12 AM:886,02:11.4
334,UDP,10.0.2.15,192.168.0.1,55070,53,,,domain,4,504 Bytes,690 Bytes,,10/25/2022 8:47:03 AM:354,10/25/2022 8:47:03 AM:481,00:00.1
335,UDP,10.0.2.15,239.255.255.250,55071,1900,,,ssdp,8,"1,400 Bytes","1,827 Bytes",21.7 KB/Sec,10/25/2022 8:47:03 AM:370,10/25/2022 8:47:06 AM:480,00:03.1
336,TCP,10.0.2.15,13.107.4.50,49962,80,,,http,5,"1,341 Bytes","1,893 Bytes",1.4 KB/Sec,10/25/2022 8:47:03 AM:714,10/25/2022 8:48:13 AM:526,01:09.8
337,UDP,10.0.2.15,192.168.0.1,54093,53,,,domain,4,428 Bytes,620 Bytes,,10/25/2022 8:47:03 AM:792,10/25/2022 8:47:03 AM:870,00:00.1
338,TCP,10.0.2.15,104.120.154.29,49963,443,,a104-120-154-29.deploy.static.akamaitechnologies.com,https,18,"7,220 Bytes","8,199 Bytes",3.8 KB/Sec,10/25/2022 8:47:03 AM:964,10/25/2022 8:49:12 AM:886,02:08.9
339,TCP,10.0.2.15,13.107.4.50,49964,80,,,http,5,"1,341 Bytes","1,893 Bytes",1.4 KB/Sec,10/25/2022 8:47:04 AM:323,10/25/2022 8:48:13 AM:526,01:09.2
340,UDP,10.0.2.15,192.168.0.1,64689,53,,,domain,2,256 Bytes,393 Bytes,,10/25/2022 8:47:04 AM:714,10/25/2022 8:47:04 AM:729,00:00.0
341,TCP,10.0.2.15,117.18.232.240,49965,80,,,http,232,"247,391 Bytes","257,133 Bytes",595.1 KB/Sec,10/25/2022 8:47:04 AM:839,10/25/2022 8:47:35 AM:667,00:30.8
342,UDP,10.0.2.15,192.168.0.1,64735,53,,,domain,2,256 Bytes,393 Bytes,,10/25/2022 8:47:04 AM:870,10/25/2022 8:47:04 AM:886,00:00.0
343,TCP,10.0.2.15,117.18.232.240,49966,80,,,http,7,926 Bytes,"1,670 Bytes",,10/25/2022 8:47:05 AM:512,10/25/2022 8:47:05 AM:887,00:00.4
344,UDP,10.0.2.15,192.168.0.1,59673,53,,,domain,2,186 Bytes,319 Bytes,,10/25/2022 8:47:06 AM:653,10/25/2022 8:47:06 AM:653,00:00.0
345,TCP,10.0.2.15,52.242.97.97,49968,443,,,https,31,"4,821 Bytes","6,317 Bytes",151.9 KB/Sec,10/25/2022 8:47:07 AM:042,10/25/2022 8:47:08 AM:167,00:01.1
346,UDP,10.0.2.15,192.168.0.1,55342,53,,,domain,2,256 Bytes,393 Bytes,,10/25/2022 8:47:09 AM:948,10/25/2022 8:47:09 AM:948,00:00.0
347,TCP,10.0.2.15,117.18.232.240,49970,80,,,http,210,"199,222 Bytes","208,086 Bytes",565.6 KB/Sec,10/25/2022 8:47:10 AM:058,10/25/2022 8:47:36 AM:309,00:26.3
348,UDP,10.0.2.15,192.168.0.1,55096,53,,,domain,2,221 Bytes,352 Bytes,,10/25/2022 8:47:15 AM:652,10/25/2022 8:47:15 AM:652,00:00.0
349,TCP,10.0.2.15,52.168.112.67,49972,443,,,https,22,"8,288 Bytes","9,422 Bytes",252.9 KB/Sec,10/25/2022 8:47:15 AM:901,10/25/2022 8:47:17 AM:590,00:01.7
350,TCP,10.0.2.15,104.120.154.29,49973,443,,a104-120-154-29.deploy.static.akamaitechnologies.com,https,19,"7,748 Bytes","8,767 Bytes",4.5 KB/Sec,10/25/2022 8:47:17 AM:229,10/25/2022 8:49:12 AM:886,01:55.7
351,TCP,10.0.2.15,13.107.4.50,49974,80,,,http,5,"1,533 Bytes","2,085 Bytes",1.5 KB/Sec,10/25/2022 8:47:17 AM:808,10/25/2022 8:48:24 AM:777,01:07.0
352,TCP,10.0.2.15,52.168.112.67,49975,443,,,https,30,"11,576 Bytes","13,030 Bytes",182.3 KB/Sec,10/25/2022 8:47:18 AM:120,10/25/2022 8:47:21 AM:748,00:03.6
353,TCP,10.0.2.15,104.120.154.29,49976,443,,a104-120-154-29.deploy.static.akamaitechnologies.com,https,18,"7,748 Bytes","8,727 Bytes",4.5 KB/Sec,10/25/2022 8:47:18 AM:151,10/25/2022 8:49:12 AM:902,01:54.8
354,UDP,10.0.2.15,192.168.0.1,63019,53,,,domain,2,248 Bytes,384 Bytes,,10/25/2022 8:47:19 AM:089,10/25/2022 8:47:19 AM:104,00:00.0
355,TCP,10.0.2.15,13.107.4.50,49979,80,,,http,5,"1,532 Bytes","2,084 Bytes",1.7 KB/Sec,10/25/2022 8:47:19 AM:170,10/25/2022 8:48:21 AM:089,01:01.9
356,UDP,10.0.2.15,192.168.0.1,60751,53,,,domain,4,312 Bytes,504 Bytes,19.0 KB/Sec,10/25/2022 8:47:19 AM:292,10/25/2022 8:47:19 AM:823,00:00.5
357,TCP,10.0.2.15,209.197.3.8,49980,80,,vip0x008.map2.ssl.hwcdn.net,http,6,790 Bytes,"1,487 Bytes",,10/25/2022 8:47:19 AM:964,10/25/2022 8:47:20 AM:495,00:00.5
358,TCP,10.0.2.15,8.241.160.254,49978,80,,,http,8,"1,459 Bytes","2,244 Bytes",3.8 KB/Sec,10/25/2022 8:47:20 AM:495,10/25/2022 8:47:50 AM:232,00:29.7
359,TCP,10.0.2.15,8.241.129.126,49977,80,,,http,964,"1,002,600 Bytes","1,041,625 Bytes",2610.9 KB/Sec,10/25/2022 8:47:20 AM:495,10/25/2022 8:47:50 AM:232,00:29.7
360,TCP,10.0.2.15,209.197.3.8,49981,80,,vip0x008.map2.ssl.hwcdn.net,http,456,"445,519 Bytes","464,228 Bytes",1264.8 KB/Sec,10/25/2022 8:47:20 AM:714,10/25/2022 8:47:49 AM:964,00:29.2
361,UDP,10.0.2.15,192.168.0.1,52224,53,,,domain,4,442 Bytes,629 Bytes,,10/25/2022 8:47:32 AM:433,10/25/2022 8:47:32 AM:573,00:00.1
362,TCP,10.0.2.15,20.42.65.90,49983,443,,,https,22,"8,406 Bytes","9,540 Bytes",513.1 KB/Sec,10/25/2022 8:47:32 AM:870,10/25/2022 8:47:35 AM:964,00:03.1
363,TCP,10.0.2.15,20.42.65.90,49985,443,,,https,29,"12,079 Bytes","13,493 Bytes",190.3 KB/Sec,10/25/2022 8:47:39 AM:026,10/25/2022 8:47:43 AM:215,00:04.2
364,TCP,10.0.2.15,52.242.97.97,49986,443,,,https,31,"4,822 Bytes","6,318 Bytes",100.2 KB/Sec,10/25/2022 8:47:39 AM:746,10/25/2022 8:47:42 AM:793,00:03.0
365,UDP,10.0.2.15,192.168.0.1,60337,53,,,domain,4,434 Bytes,627 Bytes,,10/25/2022 8:47:45 AM:010,10/25/2022 8:47:45 AM:591,00:00.6
366,TCP,10.0.2.15,104.120.154.29,49987,443,,a104-120-154-29.deploy.static.akamaitechnologies.com,https,17,"6,936 Bytes","7,876 Bytes",5.1 KB/Sec,10/25/2022 8:47:46 AM:339,10/25/2022 8:49:12 AM:902,01:26.6
367,UDP,10.0.2.15,192.168.0.1,51280,53,,,domain,4,428 Bytes,620 Bytes,26.1 KB/Sec,10/25/2022 8:47:49 AM:780,10/25/2022 8:47:50 AM:296,00:00.5
368,TCP,10.0.2.15,104.120.154.29,49988,443,,a104-120-154-29.deploy.static.akamaitechnologies.com,https,18,"7,719 Bytes","8,698 Bytes",6.0 KB/Sec,10/25/2022 8:47:50 AM:668,10/25/2022 8:49:12 AM:902,01:22.2
369,UDP,10.0.2.15,192.168.0.1,51581,53,,,domain,4,410 Bytes,596 Bytes,26.7 KB/Sec,10/25/2022 8:47:52 AM:167,10/25/2022 8:47:52 AM:949,00:00.8
370,TCP,10.0.2.15,41.63.105.128,49989,80,,https-41-63-105-128.hyd.llnw.net,http,18,"10,852 Bytes","11,924 Bytes",10.9 KB/Sec,10/25/2022 8:47:53 AM:589,10/25/2022 8:48:59 AM:026,01:05.4
371,UDP,10.0.2.15,192.168.0.1,50075,53,,,domain,4,314 Bytes,506 Bytes,,10/25/2022 8:47:54 AM:776,10/25/2022 8:47:55 AM:263,00:00.5
372,TCP,10.0.2.15,41.63.105.128,49991,80,,https-41-63-105-128.hyd.llnw.net,http,"1,947","2,075,327 Bytes","2,153,668 Bytes",3411.9 KB/Sec,10/25/2022 8:47:55 AM:917,10/25/2022 8:48:28 AM:433,00:32.5
373,TCP,10.0.2.15,41.63.105.128,49992,80,,https-41-63-105-128.hyd.llnw.net,http,"1,153","1,256,309 Bytes","1,302,906 Bytes",2122.6 KB/Sec,10/25/2022 8:47:57 AM:517,10/25/2022 8:48:28 AM:464,00:30.9
374,TCP,10.0.2.15,20.24.193.65,49994,443,,,https,3,139 Bytes,438 Bytes,4.4 KB/Sec,10/25/2022 8:48:12 AM:964,10/25/2022 8:48:14 AM:198,00:01.2
375,UDP,10.0.2.15,192.168.0.1,50216,53,,,domain,2,217 Bytes,354 Bytes,,10/25/2022 8:48:19 AM:418,10/25/2022 8:48:19 AM:418,00:00.0
376,TCP,10.0.2.15,104.120.154.29,49995,443,,a104-120-154-29.deploy.static.akamaitechnologies.com,https,21,"7,198 Bytes","8,298 Bytes",7.1 KB/Sec,10/25/2022 8:48:19 AM:448,10/25/2022 8:49:23 AM:680,01:04.2
377,UDP,10.0.2.15,192.168.0.1,54349,53,,,domain,2,214 Bytes,350 Bytes,,10/25/2022 8:48:19 AM:948,10/25/2022 8:48:19 AM:980,00:00.0
378,TCP,10.0.2.15,104.120.154.29,49996,443,,a104-120-154-29.deploy.static.akamaitechnologies.com,https,21,"7,895 Bytes","8,994 Bytes",3.4 KB/Sec,10/25/2022 8:48:20 AM:011,10/25/2022 8:51:06 AM:434,02:46.4
379,TCP,10.0.2.15,41.63.105.128,49999,80,,https-41-63-105-128.hyd.llnw.net,http,"7,477","7,733,457 Bytes","8,032,998 Bytes",2860.7 KB/Sec,10/25/2022 8:48:31 AM:386,10/25/2022 8:53:12 AM:823,04:41.4
380,UDP,10.0.2.15,192.168.0.1,58892,53,,,domain,2,164 Bytes,290 Bytes,,10/25/2022 8:48:45 AM:308,10/25/2022 8:48:45 AM:324,00:00.0
381,TCP,10.0.2.15,41.63.105.128,50003,80,,https-41-63-105-128.hyd.llnw.net,http,"5,829","5,755,492 Bytes","5,989,127 Bytes",2336.1 KB/Sec,10/25/2022 8:48:50 AM:417,10/25/2022 8:53:12 AM:823,04:22.4
382,UDP,10.0.2.15,239.255.255.250,58893,1900,,,ssdp,8,"1,400 Bytes","1,827 Bytes",17.5 KB/Sec,10/25/2022 8:49:04 AM:323,10/25/2022 8:49:07 AM:698,00:03.4
383,UDP,10.0.2.15,192.168.0.1,58927,53,,,domain,4,532 Bytes,731 Bytes,16.8 KB/Sec,10/25/2022 8:49:04 AM:510,10/25/2022 8:49:05 AM:871,00:01.4
384,UDP,10.0.2.15,192.168.0.1,57354,53,,,domain,4,350 Bytes,526 Bytes,,10/25/2022 8:49:10 AM:620,10/25/2022 8:49:10 AM:979,00:00.4
385,TCP,10.0.2.15,13.89.179.8,50005,443,,,https,28,"11,114 Bytes","12,503 Bytes",7.5 KB/Sec,10/25/2022 8:49:11 AM:073,10/25/2022 8:51:03 AM:043,01:52.0
386,TCP,10.0.2.15,13.107.21.239,50006,443,,,https,30,"9,750 Bytes","11,507 Bytes",50.6 KB/Sec,10/25/2022 8:49:11 AM:089,10/25/2022 8:49:20 AM:637,00:09.5
387,TCP,10.0.2.15,20.24.193.65,50007,443,,,https,31,"7,300 Bytes","8,791 Bytes",8.0 KB/Sec,10/25/2022 8:49:14 AM:183,10/25/2022 8:50:23 AM:058,01:08.9
388,TCP,10.0.2.15,20.198.118.190,50008,443,,,https,27,"7,525 Bytes","8,829 Bytes",489.9 KB/Sec,10/25/2022 8:49:19 AM:621,10/25/2022 8:49:21 AM:620,00:02.0
389,UDP,10.0.2.15,192.168.0.1,53878,53,,,domain,2,217 Bytes,354 Bytes,,10/25/2022 8:49:23 AM:654,10/25/2022 8:49:23 AM:680,00:00.0
390,TCP,10.0.2.15,104.120.154.29,50009,443,,a104-120-154-29.deploy.static.akamaitechnologies.com,https,21,"7,198 Bytes","8,298 Bytes",5.8 KB/Sec,10/25/2022 8:49:23 AM:714,10/25/2022 8:50:59 AM:574,01:35.9
391,UDP,10.0.2.15,192.168.0.1,63603,53,,,domain,2,248 Bytes,384 Bytes,,10/25/2022 8:49:24 AM:777,10/25/2022 8:49:24 AM:855,00:00.1
392,TCP,10.0.2.15,8.241.130.254,50010,80,,,http,875,"952,238 Bytes","987,697 Bytes",2290.4 KB/Sec,10/25/2022 8:49:25 AM:308,10/25/2022 8:49:55 AM:386,00:30.1
393,TCP,10.0.2.15,8.241.165.254,50011,80,,,http,8,"1,455 Bytes","2,234 Bytes",3.5 KB/Sec,10/25/2022 8:49:25 AM:324,10/25/2022 8:49:55 AM:386,00:30.1
394,UDP,10.0.2.15,192.168.0.1,59421,53,,,domain,2,221 Bytes,352 Bytes,,10/25/2022 8:49:37 AM:276,10/25/2022 8:49:37 AM:315,00:00.0
395,TCP,10.0.2.15,20.42.65.89,50012,443,,,https,21,"8,224 Bytes","9,318 Bytes",,10/25/2022 8:49:37 AM:683,10/25/2022 8:49:38 AM:964,00:01.3
396,UDP,10.0.2.15,192.168.0.1,63937,53,,,domain,4,442 Bytes,629 Bytes,27.0 KB/Sec,10/25/2022 8:49:41 AM:669,10/25/2022 8:49:41 AM:995,00:00.3
397,TCP,10.0.2.15,20.42.65.89,50013,443,,,https,20,"8,057 Bytes","9,111 Bytes",491.8 KB/Sec,10/25/2022 8:49:42 AM:464,10/25/2022 8:49:43 AM:729,00:01.3
398,UDP,10.0.2.15,192.168.0.1,64157,53,,,domain,2,169 Bytes,311 Bytes,,10/25/2022 8:49:47 AM:698,10/25/2022 8:49:47 AM:733,00:00.0
399,TCP,10.0.2.15,20.42.65.89,50014,443,,,https,20,"8,086 Bytes","9,140 Bytes",493.5 KB/Sec,10/25/2022 8:49:48 AM:107,10/25/2022 8:49:49 AM:464,00:01.4
400,TCP,10.0.2.15,40.64.66.113,50015,443,,,https,54,"11,930 Bytes","14,355 Bytes",728.1 KB/Sec,10/25/2022 8:49:48 AM:107,10/25/2022 8:49:49 AM:636,00:01.5
401,UDP,10.0.2.15,192.168.0.1,57536,53,,,domain,2,214 Bytes,350 Bytes,,10/25/2022 8:49:51 AM:026,10/25/2022 8:49:51 AM:026,00:00.0
402,TCP,10.0.2.15,104.120.154.29,50016,443,,a104-120-154-29.deploy.static.akamaitechnologies.com,https,21,"7,779 Bytes","8,878 Bytes",8.1 KB/Sec,10/25/2022 8:49:51 AM:089,10/25/2022 8:51:06 AM:434,01:15.3
403,UDP,10.0.2.15,192.168.0.1,62327,53,,,domain,4,378 Bytes,564 Bytes,24.6 KB/Sec,10/25/2022 8:49:51 AM:949,10/25/2022 8:49:52 AM:168,00:00.2
404,TCP,10.0.2.15,41.63.105.0,50017,80,,https-41-63-105-0.hyd.llnw.net,http,8,"1,421 Bytes","2,093 Bytes",1.8 KB/Sec,10/25/2022 8:49:52 AM:293,10/25/2022 8:50:53 AM:214,01:00.9
405,TCP,10.0.2.15,104.120.154.29,50018,443,,a104-120-154-29.deploy.static.akamaitechnologies.com,https,20,"7,778 Bytes","8,837 Bytes",8.2 KB/Sec,10/25/2022 8:49:52 AM:340,10/25/2022 8:51:06 AM:434,01:14.1
406,UDP,10.0.2.15,192.168.0.1,65199,53,,,domain,2,221 Bytes,352 Bytes,,10/25/2022 8:49:52 AM:512,10/25/2022 8:49:52 AM:527,00:00.0
407,UDP,10.0.2.15,192.168.0.1,59028,53,,,domain,4,438 Bytes,630 Bytes,26.7 KB/Sec,10/25/2022 8:49:52 AM:706,10/25/2022 8:49:53 AM:058,00:00.4
408,TCP,10.0.2.15,13.107.4.50,50020,80,,,http,8,678 Bytes,"1,463 Bytes",21.4 KB/Sec,10/25/2022 8:49:53 AM:420,10/25/2022 8:49:55 AM:605,00:02.2
409,TCP,10.0.2.15,41.63.105.0,50021,80,,https-41-63-105-0.hyd.llnw.net,http,8,"1,465 Bytes","2,137 Bytes",1.8 KB/Sec,10/25/2022 8:49:53 AM:420,10/25/2022 8:50:54 AM:714,01:01.3
410,UDP,10.0.2.15,192.168.0.1,53767,53,,,domain,4,312 Bytes,504 Bytes,,10/25/2022 8:49:55 AM:590,10/25/2022 8:49:55 AM:807,00:00.2
411,TCP,10.0.2.15,20.42.65.89,50019,443,,,https,27,"11,010 Bytes","12,344 Bytes",170.7 KB/Sec,10/25/2022 8:49:55 AM:823,10/25/2022 8:49:58 AM:261,00:02.4
412,TCP,10.0.2.15,209.197.3.8,50022,80,,vip0x008.map2.ssl.hwcdn.net,http,7,650 Bytes,"1,395 Bytes",,10/25/2022 8:49:55 AM:980,10/25/2022 8:49:56 AM:058,00:00.1
413,UDP,10.0.2.15,192.168.0.1,53511,53,,,domain,2,186 Bytes,319 Bytes,,10/25/2022 8:49:56 AM:230,10/25/2022 8:49:56 AM:255,00:00.0
414,TCP,10.0.2.15,40.125.122.151,50023,443,,,https,29,"4,818 Bytes","6,234 Bytes",100.1 KB/Sec,10/25/2022 8:49:56 AM:714,10/25/2022 8:49:58 AM:261,00:01.5
415,UDP,10.0.2.15,192.168.0.1,61282,53,,,domain,2,219 Bytes,355 Bytes,,10/25/2022 8:49:59 AM:058,10/25/2022 8:49:59 AM:091,00:00.0
416,TCP,10.0.2.15,13.107.4.50,50025,80,,,http,681,"694,456 Bytes","722,161 Bytes",2549.5 KB/Sec,10/25/2022 8:49:59 AM:339,10/25/2022 8:50:24 AM:151,00:24.8
417,TCP,10.0.2.15,40.125.122.151,50024,443,,,https,30,"4,817 Bytes","6,273 Bytes",42.8 KB/Sec,10/25/2022 8:49:59 AM:339,10/25/2022 8:50:07 AM:761,00:08.4
418,UDP,10.0.2.15,192.168.0.1,59789,53,,,domain,6,468 Bytes,716 Bytes,28.6 KB/Sec,10/25/2022 8:50:06 AM:682,10/25/2022 8:50:08 AM:261,00:01.6
419,TCP,10.0.2.15,209.197.3.8,50026,80,,vip0x008.map2.ssl.hwcdn.net,http,7,796 Bytes,"1,539 Bytes",51.8 KB/Sec,10/25/2022 8:50:08 AM:620,10/25/2022 8:50:10 AM:074,00:01.5
420,TCP,10.0.2.15,209.197.3.8,50027,80,,vip0x008.map2.ssl.hwcdn.net,http,331,"346,738 Bytes","360,453 Bytes",1968.7 KB/Sec,10/25/2022 8:50:10 AM:151,10/25/2022 8:50:25 AM:902,00:15.8
421,TCP,10.0.2.15,40.79.150.121,50028,443,,,https,20,"8,099 Bytes","9,153 Bytes",,10/25/2022 8:50:18 AM:355,10/25/2022 8:50:19 AM:418,00:01.1
422,UDP,10.0.2.15,192.168.0.1,63958,53,,,domain,4,434 Bytes,627 Bytes,,10/25/2022 8:50:21 AM:168,10/25/2022 8:50:21 AM:589,00:00.4
423,TCP,10.0.2.15,104.120.154.29,50029,443,,a104-120-154-29.deploy.static.akamaitechnologies.com,https,19,"7,166 Bytes","8,186 Bytes",4.3 KB/Sec,10/25/2022 8:50:22 AM:543,10/25/2022 8:54:53 AM:042,04:30.5
424,TCP,10.0.2.15,40.79.150.121,50030,443,,,https,21,"8,235 Bytes","9,329 Bytes",259.4 KB/Sec,10/25/2022 8:50:23 AM:559,10/25/2022 8:50:25 AM:200,00:01.6
425,UDP,10.0.2.15,192.168.0.1,57164,53,,,domain,2,214 Bytes,350 Bytes,,10/25/2022 8:50:25 AM:153,10/25/2022 8:50:25 AM:200,00:00.0
426,TCP,10.0.2.15,104.120.154.29,50031,443,,a104-120-154-29.deploy.static.akamaitechnologies.com,https,21,"7,754 Bytes","8,853 Bytes",7.0 KB/Sec,10/25/2022 8:50:25 AM:246,10/25/2022 8:53:05 AM:245,02:40.0
427,UDP,10.0.2.15,192.168.0.1,53526,53,,,domain,2,256 Bytes,393 Bytes,,10/25/2022 8:50:25 AM:793,10/25/2022 8:50:25 AM:870,00:00.1
428,TCP,10.0.2.15,117.18.232.240,50032,80,,,http,"1,759","1,702,127 Bytes","1,772,952 Bytes",4262.1 KB/Sec,10/25/2022 8:50:25 AM:996,10/25/2022 8:50:56 AM:793,00:30.8
429,UDP,10.0.2.15,192.168.0.1,63923,53,,,domain,6,"1,011 Bytes","1,239 Bytes",31.8 KB/Sec,10/25/2022 8:50:53 AM:120,10/25/2022 8:50:55 AM:152,00:02.0
430,TCP,10.0.2.15,20.190.146.34,50033,443,,,https,42,"23,799 Bytes","25,718 Bytes",1549.4 KB/Sec,10/25/2022 8:50:55 AM:793,10/25/2022 8:50:57 AM:558,00:01.8
431,UDP,10.0.2.15,192.168.0.1,51790,53,,,domain,4,434 Bytes,627 Bytes,,10/25/2022 8:50:59 AM:026,10/25/2022 8:50:59 AM:719,00:00.7
432,TCP,10.0.2.15,104.120.154.29,50034,443,,a104-120-154-29.deploy.static.akamaitechnologies.com,https,16,"6,750 Bytes","7,650 Bytes",84.5 KB/Sec,10/25/2022 8:51:01 AM:248,10/25/2022 8:51:16 AM:839,00:15.6
433,TCP,10.0.2.15,20.190.146.34,50035,443,,,https,21,"6,794 Bytes","7,905 Bytes",28.2 KB/Sec,10/25/2022 8:51:02 AM:668,10/25/2022 8:51:43 AM:621,00:41.0
434,UDP,10.0.2.15,239.255.255.250,51791,1900,,,ssdp,8,"1,400 Bytes","1,827 Bytes",44.1 KB/Sec,10/25/2022 8:51:04 AM:307,10/25/2022 8:51:07 AM:355,00:03.0
435,UDP,10.0.2.15,192.168.0.1,51045,53,,,domain,6,540 Bytes,789 Bytes,35.2 KB/Sec,10/25/2022 8:51:20 AM:151,10/25/2022 8:51:23 AM:933,00:03.8
436,TCP,10.0.2.15,20.190.146.34,50036,443,,,https,47,"30,491 Bytes","32,642 Bytes",376.9 KB/Sec,10/25/2022 8:51:23 AM:620,10/25/2022 8:51:38 AM:418,00:14.8
437,TCP,10.0.2.15,117.18.232.240,50037,80,,,http,700,"658,273 Bytes","686,749 Bytes",2935.4 KB/Sec,10/25/2022 8:51:23 AM:965,10/25/2022 8:51:53 AM:434,00:29.5
438,TCP,10.0.2.15,117.18.232.240,50038,80,,,http,79,"66,992 Bytes","70,628 Bytes",298.7 KB/Sec,10/25/2022 8:51:24 AM:167,10/25/2022 8:51:53 AM:434,00:29.3
439,TCP,10.0.2.15,104.120.154.29,50041,443,,a104-120-154-29.deploy.static.akamaitechnologies.com,https,22,"7,197 Bytes","8,337 Bytes",12.8 KB/Sec,10/25/2022 8:51:24 AM:573,10/25/2022 8:53:05 AM:333,01:40.8
440,TCP,10.0.2.15,41.63.105.128,50039,80,,https-41-63-105-128.hyd.llnw.net,http,825,"680,494 Bytes","713,868 Bytes",1251.5 KB/Sec,10/25/2022 8:51:26 AM:933,10/25/2022 8:53:08 AM:854,01:41.9
441,TCP,10.0.2.15,41.63.105.128,50040,80,,https-41-63-105-128.hyd.llnw.net,http,"1,455","1,327,300 Bytes","1,385,874 Bytes",2441.0 KB/Sec,10/25/2022 8:51:27 AM:198,10/25/2022 8:53:04 AM:823,01:37.6
442,TCP,10.0.2.15,117.18.232.240,50042,80,,,http,"2,122","2,082,806 Bytes","2,168,151 Bytes",7212.7 KB/Sec,10/25/2022 8:51:36 AM:027,10/25/2022 8:52:00 AM:261,00:24.2
443,UDP,10.0.2.15,192.168.0.1,61325,53,,,domain,4,512 Bytes,705 Bytes,,10/25/2022 8:51:36 AM:153,10/25/2022 8:51:36 AM:605,00:00.5
444,TCP,10.0.2.15,20.190.146.34,50043,443,,,https,42,"23,511 Bytes","25,462 Bytes",488.5 KB/Sec,10/25/2022 8:51:45 AM:933,10/25/2022 8:51:54 AM:496,00:08.6
445,UDP,10.0.2.15,192.168.0.1,55189,53,,,domain,6,663 Bytes,906 Bytes,,10/25/2022 8:52:05 AM:684,10/25/2022 8:52:07 AM:824,00:02.1
446,TCP,10.0.2.15,20.189.173.11,50044,443,,,https,28,"11,457 Bytes","12,831 Bytes",699.3 KB/Sec,10/25/2022 8:52:08 AM:043,10/25/2022 8:52:10 AM:182,00:02.1
447,UDP,10.0.2.15,192.168.0.1,58565,53,,,domain,2,169 Bytes,311 Bytes,,10/25/2022 8:52:12 AM:105,10/25/2022 8:52:12 AM:105,00:00.0
448,UDP,10.0.2.15,192.168.0.1,57727,53,,,domain,8,884 Bytes,"1,183 Bytes",27.0 KB/Sec,10/25/2022 8:52:12 AM:573,10/25/2022 8:52:18 AM:548,00:06.0
449,TCP,10.0.2.15,40.64.66.113,50045,443,,,https,31,"9,144 Bytes","10,649 Bytes",288.1 KB/Sec,10/25/2022 8:52:16 AM:292,10/25/2022 8:52:24 AM:933,00:08.6
450,TCP,10.0.2.15,20.42.73.24,50046,443,,,https,20,"8,091 Bytes","9,145 Bytes",168.1 KB/Sec,10/25/2022 8:52:18 AM:730,10/25/2022 8:52:31 AM:792,00:13.1
451,TCP,10.0.2.15,40.64.66.113,50047,443,,,https,36,"15,901 Bytes","17,620 Bytes",142.5 KB/Sec,10/25/2022 8:52:28 AM:089,10/25/2022 8:53:16 AM:214,00:48.1
452,UDP,10.0.2.15,192.168.0.1,51666,53,,,domain,10,"1,105 Bytes","1,460 Bytes",34.8 KB/Sec,10/25/2022 8:52:54 AM:512,10/25/2022 8:53:15 AM:183,00:20.7
453,UDP,10.0.2.15,192.168.0.1,59817,53,,,domain,10,"1,160 Bytes","1,520 Bytes",75.5 KB/Sec,10/25/2022 8:52:55 AM:808,10/25/2022 8:53:15 AM:417,00:19.6
454,UDP,10.0.2.15,239.255.255.250,59818,1900,,,ssdp,8,"1,400 Bytes","1,827 Bytes",,10/25/2022 8:53:04 AM:323,10/25/2022 8:53:07 AM:355,00:03.0
455,UDP,10.0.2.15,192.168.0.1,49617,53,,,domain,10,"1,120 Bytes","1,475 Bytes",,10/25/2022 8:53:05 AM:668,10/25/2022 8:53:18 AM:651,00:13.0
456,UDP,10.0.2.15,192.168.0.1,65349,53,,,domain,10,"1,085 Bytes","1,446 Bytes",,10/25/2022 8:53:08 AM:339,10/25/2022 8:53:19 AM:151,00:10.8
457,UDP,10.0.2.15,192.168.0.1,51661,53,,,domain,10,675 Bytes,"1,021 Bytes",,10/25/2022 8:53:09 AM:106,10/25/2022 8:53:19 AM:777,00:10.7
458,TCP,10.0.2.15,40.125.122.151,50048,443,,,https,69,"11,116 Bytes","14,132 Bytes",172.3 KB/Sec,10/25/2022 8:53:13 AM:011,10/25/2022 8:53:36 AM:495,00:23.5
459,TCP,10.0.2.15,41.63.105.128,50049,80,,https-41-63-105-128.hyd.llnw.net,http,"1,469","1,492,542 Bytes","1,551,678 Bytes",2824.7 KB/Sec,10/25/2022 8:53:15 AM:808,10/25/2022 8:55:26 AM:542,02:10.7
460,UDP,10.0.2.15,192.168.0.1,51583,53,,,domain,8,692 Bytes,996 Bytes,,10/25/2022 8:53:16 AM:073,10/25/2022 8:53:21 AM:652,00:05.6
461,TCP,10.0.2.15,41.63.105.128,50050,80,,https-41-63-105-128.hyd.llnw.net,http,"3,938","3,959,409 Bytes","4,117,305 Bytes",2151.7 KB/Sec,10/25/2022 8:53:18 AM:526,10/25/2022 8:57:17 AM:227,03:58.7
462,TCP,10.0.2.15,40.79.197.35,50051,443,,,https,20,"7,613 Bytes","8,667 Bytes",158.2 KB/Sec,10/25/2022 8:53:19 AM:339,10/25/2022 8:53:28 AM:901,00:09.6
463,TCP,10.0.2.15,104.120.154.29,50052,443,,a104-120-154-29.deploy.static.akamaitechnologies.com,https,22,"7,198 Bytes","8,338 Bytes",14.1 KB/Sec,10/25/2022 8:53:19 AM:839,10/25/2022 8:54:42 AM:886,01:23.0
464,TCP,10.0.2.15,52.152.90.172,50053,443,,,https,19,"8,143 Bytes","9,130 Bytes",248.5 KB/Sec,10/25/2022 8:53:19 AM:980,10/25/2022 8:53:26 AM:339,00:06.4
465,TCP,10.0.2.15,41.63.105.128,50054,80,,https-41-63-105-128.hyd.llnw.net,http,"1,267","1,194,535 Bytes","1,245,676 Bytes",2260.7 KB/Sec,10/25/2022 8:53:21 AM:652,10/25/2022 8:55:31 AM:293,02:09.6
466,TCP,10.0.2.15,41.63.105.0,50055,80,,https-41-63-105-0.hyd.llnw.net,http,"3,579","3,464,974 Bytes","3,608,595 Bytes",1883.0 KB/Sec,10/25/2022 8:53:21 AM:652,10/25/2022 8:57:17 AM:462,03:55.8
467,UDP,10.0.2.15,192.168.0.1,56406,53,,,domain,4,428 Bytes,620 Bytes,,10/25/2022 8:53:23 AM:449,10/25/2022 8:53:24 AM:245,00:00.8
468,TCP,10.0.2.15,104.120.154.29,50056,443,,a104-120-154-29.deploy.static.akamaitechnologies.com,https,20,"7,864 Bytes","8,923 Bytes",5.5 KB/Sec,10/25/2022 8:53:28 AM:229,10/25/2022 8:56:42 AM:880,03:14.6
469,TCP,10.0.2.15,40.125.122.151,50057,443,,,https,59,"3,317 Bytes","5,947 Bytes",51.4 KB/Sec,10/25/2022 8:53:37 AM:386,10/25/2022 8:53:48 AM:543,00:11.2
470,UDP,10.0.2.15,192.168.0.1,54519,53,,,domain,4,428 Bytes,620 Bytes,,10/25/2022 8:53:37 AM:948,10/25/2022 8:53:38 AM:215,00:00.3
471,TCP,10.0.2.15,104.120.154.29,50058,443,,a104-120-154-29.deploy.static.akamaitechnologies.com,https,22,"7,250 Bytes","8,389 Bytes",11.6 KB/Sec,10/25/2022 8:53:38 AM:331,10/25/2022 8:55:52 AM:011,02:13.7
472,UDP,10.0.2.15,192.168.0.1,59294,53,,,domain,8,748 Bytes,"1,050 Bytes",15.5 KB/Sec,10/25/2022 8:53:38 AM:745,10/25/2022 8:53:47 AM:870,00:09.1
473,UDP,10.0.2.15,192.168.0.1,58342,53,,,domain,10,"1,120 Bytes","1,475 Bytes",23.3 KB/Sec,10/25/2022 8:53:39 AM:620,10/25/2022 8:53:48 AM:419,00:08.8
474,TCP,10.0.2.15,20.191.46.211,50059,443,,,https,22,"3,851 Bytes","4,988 Bytes",80.0 KB/Sec,10/25/2022 8:53:48 AM:073,10/25/2022 8:53:49 AM:964,00:01.9
475,TCP,10.0.2.15,40.79.197.35,50060,443,,,https,22,"8,057 Bytes","9,191 Bytes",253.8 KB/Sec,10/25/2022 8:53:48 AM:637,10/25/2022 8:53:50 AM:277,00:01.6
476,UDP,10.0.2.15,192.168.0.1,57940,53,,,domain,4,560 Bytes,746 Bytes,36.5 KB/Sec,10/25/2022 8:53:49 AM:684,10/25/2022 8:53:49 AM:964,00:00.3
477,TCP,10.0.2.15,117.18.232.240,50061,80,,,http,8,"1,348 Bytes","2,020 Bytes",2.3 KB/Sec,10/25/2022 8:53:50 AM:089,10/25/2022 8:55:53 AM:120,02:03.0
478,UDP,10.0.2.15,192.168.0.1,49642,53,,,domain,4,428 Bytes,620 Bytes,27.9 KB/Sec,10/25/2022 8:53:51 AM:698,10/25/2022 8:53:52 AM:106,00:00.4
479,UDP,10.0.2.15,192.168.0.1,58235,53,,,domain,4,372 Bytes,561 Bytes,24.2 KB/Sec,10/25/2022 8:53:51 AM:778,10/25/2022 8:53:52 AM:168,00:00.4
480,TCP,10.0.2.15,104.120.154.29,50062,443,,a104-120-154-29.deploy.static.akamaitechnologies.com,https,21,"7,250 Bytes","8,349 Bytes",15.1 KB/Sec,10/25/2022 8:53:52 AM:309,10/25/2022 8:55:52 AM:011,01:59.7
481,UDP,10.0.2.15,192.168.0.1,54492,53,,,domain,4,346 Bytes,538 Bytes,21.1 KB/Sec,10/25/2022 8:53:52 AM:355,10/25/2022 8:53:52 AM:777,00:00.4
482,TCP,10.0.2.15,20.54.89.15,50063,443,,,https,141,"7,082 Bytes","12,978 Bytes",31.6 KB/Sec,10/25/2022 8:53:52 AM:527,10/25/2022 8:54:14 AM:574,00:22.0
483,TCP,10.0.2.15,41.63.105.0,50065,80,,https-41-63-105-0.hyd.llnw.net,http,8,662 Bytes,"1,443 Bytes",13.8 KB/Sec,10/25/2022 8:53:53 AM:198,10/25/2022 8:53:55 AM:719,00:02.5
484,TCP,10.0.2.15,41.63.105.128,50064,80,,https-41-63-105-128.hyd.llnw.net,http,8,662 Bytes,"1,443 Bytes",20.9 KB/Sec,10/25/2022 8:53:53 AM:198,10/25/2022 8:53:54 AM:778,00:01.6
485,UDP,10.0.2.15,192.168.0.1,55506,53,,,domain,4,448 Bytes,635 Bytes,,10/25/2022 8:53:53 AM:917,10/25/2022 8:53:54 AM:683,00:00.8
486,TCP,10.0.2.15,117.18.232.240,50066,80,,,http,8,"1,348 Bytes","2,020 Bytes",2.8 KB/Sec,10/25/2022 8:53:54 AM:715,10/25/2022 8:55:53 AM:136,01:58.4
487,UDP,10.0.2.15,192.168.0.1,54299,53,,,domain,4,438 Bytes,630 Bytes,13.8 KB/Sec,10/25/2022 8:53:54 AM:808,10/25/2022 8:53:55 AM:799,00:01.0
488,TCP,10.0.2.15,40.79.197.35,50067,443,,,https,21,"8,053 Bytes","9,147 Bytes",253.7 KB/Sec,10/25/2022 8:53:55 AM:808,10/25/2022 8:53:58 AM:245,00:02.4
489,UDP,10.0.2.15,192.168.0.1,50263,53,,,domain,4,496 Bytes,688 Bytes,32.3 KB/Sec,10/25/2022 8:53:56 AM:607,10/25/2022 8:53:57 AM:370,00:00.8
490,TCP,10.0.2.15,13.107.4.50,50068,80,,,http,"3,364","3,580,407 Bytes","3,715,431 Bytes",2356.1 KB/Sec,10/25/2022 8:53:56 AM:657,10/25/2022 8:57:17 AM:151,03:20.5
491,TCP,10.0.2.15,41.63.105.128,50069,80,,https-41-63-105-128.hyd.llnw.net,http,8,662 Bytes,"1,443 Bytes",43.1 KB/Sec,10/25/2022 8:53:57 AM:089,10/25/2022 8:53:58 AM:214,00:01.1
492,TCP,10.0.2.15,41.63.105.0,50070,80,,https-41-63-105-0.hyd.llnw.net,http,7,662 Bytes,"1,403 Bytes",43.1 KB/Sec,10/25/2022 8:53:57 AM:323,10/25/2022 8:53:57 AM:653,00:00.3
493,TCP,10.0.2.15,8.241.158.126,50071,80,,,http,213,"202,050 Bytes","211,033 Bytes",789.3 KB/Sec,10/25/2022 8:53:57 AM:605,10/25/2022 8:55:43 AM:605,01:46.0
494,TCP,10.0.2.15,8.241.161.126,50072,80,,,http,8,"1,463 Bytes","2,246 Bytes",5.7 KB/Sec,10/25/2022 8:53:57 AM:638,10/25/2022 8:55:43 AM:605,01:46.0
495,TCP,10.0.2.15,13.107.4.50,50073,80,,,http,672,"780,883 Bytes","808,243 Bytes",4433.6 KB/Sec,10/25/2022 8:53:59 AM:980,10/25/2022 8:55:35 AM:027,01:35.0
496,TCP,10.0.2.15,20.54.89.15,50074,443,,,https,32,"4,812 Bytes","6,348 Bytes",100.0 KB/Sec,10/25/2022 8:54:00 AM:792,10/25/2022 8:54:07 AM:855,00:07.1
497,UDP,10.0.2.15,192.168.0.1,50911,53,,,domain,4,442 Bytes,629 Bytes,28.8 KB/Sec,10/25/2022 8:54:04 AM:683,10/25/2022 8:54:05 AM:840,00:01.2
498,TCP,10.0.2.15,52.168.112.66,50075,443,,,https,24,"6,716 Bytes","7,930 Bytes",,10/25/2022 8:54:06 AM:792,10/25/2022 8:54:11 AM:026,00:04.2
499,UDP,10.0.2.15,192.168.0.1,57792,53,,,domain,4,454 Bytes,642 Bytes,,10/25/2022 8:54:07 AM:527,10/25/2022 8:54:08 AM:499,00:01.0
500,TCP,10.0.2.15,20.212.97.243,50078,443,,,https,20,"8,373 Bytes","9,730 Bytes",,10/25/2022 8:54:09 AM:183,10/25/2022 8:54:10 AM:816,00:01.6
501,UDP,10.0.2.15,192.168.0.1,52258,53,,,domain,6,663 Bytes,906 Bytes,43.2 KB/Sec,10/25/2022 8:54:15 AM:526,10/25/2022 8:54:19 AM:214,00:03.7
502,TCP,10.0.2.15,52.168.112.66,50079,443,,,https,27,"7,736 Bytes","9,070 Bytes",,10/25/2022 8:54:20 AM:152,10/25/2022 8:54:23 AM:418,00:03.3
503,UDP,10.0.2.15,192.168.0.1,56606,53,,,domain,2,221 Bytes,352 Bytes,,10/25/2022 8:54:27 AM:548,10/25/2022 8:54:27 AM:558,00:00.0
504,TCP,10.0.2.15,52.168.112.66,50080,443,,,https,26,"6,756 Bytes","8,050 Bytes",,10/25/2022 8:54:27 AM:792,10/25/2022 8:54:29 AM:058,00:01.3
505,UDP,10.0.2.15,192.168.0.1,58682,53,,,domain,2,157 Bytes,293 Bytes,,10/25/2022 8:55:00 AM:136,10/25/2022 8:55:00 AM:136,00:00.0
506,TCP,10.0.2.15,41.63.105.128,50081,80,,https-41-63-105-128.hyd.llnw.net,http,219,"244,557 Bytes","253,776 Bytes",2171.1 KB/Sec,10/25/2022 8:55:00 AM:467,10/25/2022 8:55:46 AM:216,00:45.7
507,UDP,10.0.2.15,239.255.255.250,58683,1900,,,ssdp,8,"1,400 Bytes","1,827 Bytes",,10/25/2022 8:55:04 AM:339,10/25/2022 8:55:07 AM:371,00:03.0
508,UDP,10.0.2.15,192.168.0.1,50023,53,,,domain,2,221 Bytes,352 Bytes,,10/25/2022 8:55:06 AM:402,10/25/2022 8:55:06 AM:402,00:00.0
509,TCP,10.0.2.15,20.189.173.6,50082,443,,,https,51,"8,141 Bytes","10,435 Bytes",,10/25/2022 8:55:06 AM:714,10/25/2022 8:55:08 AM:418,00:01.7
510,TCP,10.0.2.15,41.63.105.128,50083,80,,https-41-63-105-128.hyd.llnw.net,http,"2,105","1,926,744 Bytes","2,011,419 Bytes",1487.4 KB/Sec,10/25/2022 8:55:37 AM:792,10/25/2022 8:57:17 AM:789,01:40.0
511,TCP,10.0.2.15,41.63.105.128,50084,80,,https-41-63-105-128.hyd.llnw.net,http,"2,335","2,380,518 Bytes","2,474,294 Bytes",1932.4 KB/Sec,10/25/2022 8:55:46 AM:136,10/25/2022 8:57:18 AM:214,01:32.1
512,UDP,10.0.2.15,192.168.0.1,52147,53,,,domain,4,442 Bytes,629 Bytes,28.8 KB/Sec,10/25/2022 8:55:46 AM:886,10/25/2022 8:55:47 AM:251,00:00.4
513,TCP,10.0.2.15,20.189.173.6,50085,443,,,https,21,"8,201 Bytes","9,295 Bytes",170.4 KB/Sec,10/25/2022 8:55:47 AM:637,10/25/2022 8:55:49 AM:386,00:01.7
514,TCP,10.0.2.15,13.107.4.50,50086,80,,,http,"1,777","1,740,305 Bytes","1,811,865 Bytes",1489.5 KB/Sec,10/25/2022 8:55:48 AM:651,10/25/2022 8:57:18 AM:149,01:29.5
515,UDP,10.0.2.15,192.168.0.1,61505,53,,,domain,2,217 Bytes,354 Bytes,,10/25/2022 8:55:50 AM:261,10/25/2022 8:55:50 AM:293,00:00.0
516,TCP,10.0.2.15,104.120.154.29,50087,443,,a104-120-154-29.deploy.static.akamaitechnologies.com,https,21,"7,198 Bytes","8,298 Bytes",8.8 KB/Sec,10/25/2022 8:55:50 AM:307,10/25/2022 8:57:01 AM:165,01:10.9
517,UDP,10.0.2.15,192.168.0.1,52608,53,,,domain,2,221 Bytes,352 Bytes,,10/25/2022 8:55:50 AM:964,10/25/2022 8:55:50 AM:995,00:00.0
518,TCP,10.0.2.15,20.189.173.6,50088,443,,,https,21,"8,620 Bytes","9,714 Bytes",179.1 KB/Sec,10/25/2022 8:55:51 AM:229,10/25/2022 8:55:52 AM:542,00:01.3
519,UDP,10.0.2.15,192.168.0.1,59635,53,,,domain,4,428 Bytes,620 Bytes,,10/25/2022 8:55:51 AM:980,10/25/2022 8:55:52 AM:120,00:00.1
520,TCP,10.0.2.15,104.120.154.29,50089,443,,a104-120-154-29.deploy.static.akamaitechnologies.com,https,22,"7,779 Bytes","8,918 Bytes",9.9 KB/Sec,10/25/2022 8:55:52 AM:167,10/25/2022 8:57:01 AM:165,01:09.0
521,UDP,10.0.2.15,192.168.0.1,64569,53,,,domain,2,280 Bytes,410 Bytes,,10/25/2022 8:55:53 AM:151,10/25/2022 8:55:53 AM:151,00:00.0
522,TCP,10.0.2.15,117.18.232.240,50090,80,,,http,8,"1,540 Bytes","2,212 Bytes",2.0 KB/Sec,10/25/2022 8:55:53 AM:261,10/25/2022 8:57:01 AM:212,01:08.0
523,TCP,10.0.2.15,104.120.154.29,50091,443,,a104-120-154-29.deploy.static.akamaitechnologies.com,https,21,"7,779 Bytes","8,878 Bytes",10.3 KB/Sec,10/25/2022 8:55:53 AM:682,10/25/2022 8:57:01 AM:165,01:07.5
524,TCP,10.0.2.15,117.18.232.240,50092,80,,,http,8,"1,539 Bytes","2,211 Bytes",2.0 KB/Sec,10/25/2022 8:55:54 AM:151,10/25/2022 8:57:01 AM:212,01:07.1
525,TCP,10.0.2.15,8.241.129.254,50093,80,,,http,8,789 Bytes,"1,574 Bytes",48.2 KB/Sec,10/25/2022 8:55:54 AM:308,10/25/2022 8:55:55 AM:010,00:00.7
526,TCP,10.0.2.15,8.241.143.126,50094,80,,,http,8,789 Bytes,"1,574 Bytes",48.2 KB/Sec,10/25/2022 8:55:54 AM:325,10/25/2022 8:55:55 AM:104,00:00.8
527,TCP,10.0.2.15,117.18.232.240,50095,80,,,http,8,920 Bytes,"1,698 Bytes",56.2 KB/Sec,10/25/2022 8:55:54 AM:750,10/25/2022 8:55:54 AM:964,00:00.2
528,TCP,10.0.2.15,20.189.173.6,50096,443,,,https,21,"8,061 Bytes","9,155 Bytes",492.0 KB/Sec,10/25/2022 8:55:55 AM:089,10/25/2022 8:55:56 AM:636,00:01.5
529,TCP,10.0.2.15,20.54.89.15,50097,443,,,https,32,"4,817 Bytes","6,353 Bytes",313.6 KB/Sec,10/25/2022 8:55:56 AM:198,10/25/2022 8:55:57 AM:167,00:01.0
530,UDP,10.0.2.15,192.168.0.1,56660,53,,,domain,4,512 Bytes,705 Bytes,,10/25/2022 8:55:57 AM:890,10/25/2022 8:55:58 AM:078,00:00.2
531,TCP,10.0.2.15,20.54.89.15,50098,443,,,https,32,"4,858 Bytes","6,394 Bytes",296.5 KB/Sec,10/25/2022 8:55:58 AM:136,10/25/2022 8:55:58 AM:870,00:00.7
532,TCP,10.0.2.15,117.18.232.240,50099,80,,,http,464,"451,387 Bytes","470,407 Bytes",910.8 KB/Sec,10/25/2022 8:55:58 AM:216,10/25/2022 8:56:26 AM:526,00:28.3
533,UDP,10.0.2.15,192.168.0.1,62385,53,,,domain,2,248 Bytes,384 Bytes,,10/25/2022 8:56:00 AM:387,10/25/2022 8:56:00 AM:403,00:00.0
534,TCP,10.0.2.15,8.241.143.126,50100,80,,,http,929,"1,008,474 Bytes","1,046,097 Bytes",2169.2 KB/Sec,10/25/2022 8:56:00 AM:948,10/25/2022 8:56:24 AM:406,00:23.5
535,TCP,10.0.2.15,8.241.166.254,50101,80,,,http,8,"1,438 Bytes","2,221 Bytes",3.1 KB/Sec,10/25/2022 8:56:01 AM:043,10/25/2022 8:56:24 AM:386,00:23.3
536,UDP,10.0.2.15,192.168.0.1,58919,53,,,domain,2,224 Bytes,355 Bytes,,10/25/2022 8:56:09 AM:964,10/25/2022 8:56:10 AM:011,00:00.0
537,TCP,10.0.2.15,104.208.16.88,50102,443,,,https,21,"8,201 Bytes","9,295 Bytes",500.5 KB/Sec,10/25/2022 8:56:10 AM:276,10/25/2022 8:56:11 AM:511,00:01.2
538,TCP,10.0.2.15,20.54.89.15,50103,443,,,https,29,"4,819 Bytes","6,235 Bytes",151.8 KB/Sec,10/25/2022 8:56:12 AM:686,10/25/2022 8:56:14 AM:323,00:01.6
539,UDP,10.0.2.15,192.168.0.1,63239,53,,,domain,4,448 Bytes,635 Bytes,27.3 KB/Sec,10/25/2022 8:56:13 AM:480,10/25/2022 8:56:13 AM:651,00:00.2
540,UDP,10.0.2.15,192.168.0.1,62051,53,,,domain,2,133 Bytes,246 Bytes,8.1 KB/Sec,10/25/2022 8:56:13 AM:512,10/25/2022 8:56:13 AM:651,00:00.1
541,TCP,10.0.2.15,104.208.16.88,50104,443,,,https,21,"8,529 Bytes","9,623 Bytes",,10/25/2022 8:56:14 AM:027,10/25/2022 8:56:15 AM:120,00:01.1
542,UDP,10.0.2.15,192.168.0.1,51228,53,,,domain,2,214 Bytes,350 Bytes,,10/25/2022 8:56:15 AM:762,10/25/2022 8:56:15 AM:762,00:00.0
543,TCP,10.0.2.15,104.120.154.29,50105,443,,a104-120-154-29.deploy.static.akamaitechnologies.com,https,17,"7,747 Bytes","8,686 Bytes",472.8 KB/Sec,10/25/2022 8:56:15 AM:793,10/25/2022 8:56:16 AM:354,00:00.6
544,TCP,10.0.2.15,204.79.197.203,50106,443,,a-0003.a-msedge.net,https,83,"43,126 Bytes","46,682 Bytes",386.4 KB/Sec,10/25/2022 8:56:16 AM:637,10/25/2022 8:56:21 AM:276,00:04.6
545,TCP,10.0.2.15,117.18.232.240,50107,80,,,http,7,"3,377 Bytes","4,009 Bytes",,10/25/2022 8:56:16 AM:730,10/25/2022 8:56:17 AM:057,00:00.3
546,UDP,10.0.2.15,192.168.0.1,62280,53,,,domain,2,173 Bytes,309 Bytes,,10/25/2022 8:56:17 AM:198,10/25/2022 8:56:17 AM:214,00:00.0
547,TCP,10.0.2.15,41.63.105.0,50108,80,,https-41-63-105-0.hyd.llnw.net,http,647,"701,318 Bytes","727,665 Bytes",1622.9 KB/Sec,10/25/2022 8:56:17 AM:324,10/25/2022 8:57:04 AM:415,00:47.1
548,TCP,10.0.2.15,41.63.105.128,50109,80,,https-41-63-105-128.hyd.llnw.net,http,"1,790","1,875,910 Bytes","1,947,977 Bytes",4341.1 KB/Sec,10/25/2022 8:56:17 AM:370,10/25/2022 8:57:04 AM:492,00:47.1
549,UDP,10.0.2.15,192.168.0.1,58232,53,,,domain,2,217 Bytes,354 Bytes,,10/25/2022 8:56:25 AM:933,10/25/2022 8:56:25 AM:933,00:00.0
550,TCP,10.0.2.15,104.120.154.29,50110,443,,a104-120-154-29.deploy.static.akamaitechnologies.com,https,16,"7,166 Bytes","8,066 Bytes",,10/25/2022 8:56:25 AM:995,10/25/2022 8:56:26 AM:819,00:00.8
551,TCP,10.0.2.15,204.79.197.200,50111,443,,a-0001.a-msedge.net,https,415,"268,720 Bytes","285,865 Bytes",2385.7 KB/Sec,10/25/2022 8:56:32 AM:620,10/25/2022 8:57:03 AM:665,00:31.0
552,UDP,10.0.2.15,192.168.0.1,60362,53,,,domain,2,137 Bytes,256 Bytes,,10/25/2022 8:56:41 AM:317,10/25/2022 8:56:41 AM:334,00:00.0
553,TCP,10.0.2.15,13.107.6.254,50112,443,,,https,30,"8,066 Bytes","9,508 Bytes",525.1 KB/Sec,10/25/2022 8:56:43 AM:161,10/25/2022 8:56:47 AM:083,00:03.9
554,UDP,10.0.2.15,192.168.0.1,58802,53,,,domain,2,137 Bytes,256 Bytes,8.9 KB/Sec,10/25/2022 8:56:43 AM:708,10/25/2022 8:56:43 AM:708,00:00.0
555,TCP,10.0.2.15,13.107.4.254,50113,443,,,https,29,"7,767 Bytes","9,169 Bytes",,10/25/2022 8:56:43 AM:880,10/25/2022 8:56:58 AM:005,00:14.1
556,TCP,10.0.2.15,13.107.136.254,50114,443,,,https,36,"2,787 Bytes","4,779 Bytes",43.2 KB/Sec,10/25/2022 8:56:46 AM:630,10/25/2022 8:57:02 AM:774,00:16.1
557,TCP,10.0.2.15,204.79.197.222,50115,443,,,https,26,"2,742 Bytes","4,328 Bytes",33.9 KB/Sec,10/25/2022 8:56:47 AM:239,10/25/2022 8:57:03 AM:977,00:16.7
558,TCP,10.0.2.15,40.99.34.210,50116,443,,,https,20,"2,997 Bytes","4,350 Bytes",,10/25/2022 8:57:00 AM:695,10/25/2022 8:57:01 AM:227,00:00.5
559,UDP,10.0.2.15,192.168.0.1,53573,53,,,domain,4,314 Bytes,493 Bytes,,10/25/2022 8:57:01 AM:430,10/25/2022 8:57:01 AM:759,00:00.3
560,TCP,10.0.2.15,52.113.196.254,50117,443,,,https,36,"8,395 Bytes","10,081 Bytes",546.5 KB/Sec,10/25/2022 8:57:01 AM:993,10/25/2022 8:57:02 AM:414,00:00.4
561,UDP,10.0.2.15,192.168.0.1,58539,53,,,domain,2,284 Bytes,414 Bytes,,10/25/2022 8:57:02 AM:899,10/25/2022 8:57:02 AM:977,00:00.1
562,TCP,10.0.2.15,13.107.246.58,50118,443,,,https,35,"8,435 Bytes","10,088 Bytes",,10/25/2022 8:57:03 AM:336,10/25/2022 8:57:03 AM:852,00:00.5
563,UDP,10.0.2.15,239.255.255.250,58540,1900,,,ssdp,8,"1,400 Bytes","1,827 Bytes",29.1 KB/Sec,10/25/2022 8:57:04 AM:431,10/25/2022 8:57:07 AM:742,00:03.3
564,UDP,10.0.2.15,192.168.0.1,52927,53,,,domain,2,217 Bytes,354 Bytes,,10/25/2022 8:57:06 AM:337,10/25/2022 8:57:06 AM:337,00:00.0
565,TCP,10.0.2.15,104.120.154.29,50119,443,,a104-120-154-29.deploy.static.akamaitechnologies.com,https,17,"7,166 Bytes","8,106 Bytes",466.5 KB/Sec,10/25/2022 8:57:06 AM:415,10/25/2022 8:57:07 AM:086,00:00.7
566,TCP,10.0.2.15,41.63.105.128,50120,80,,https-41-63-105-128.hyd.llnw.net,http,"1,081","1,051,576 Bytes","1,095,283 Bytes",5462.4 KB/Sec,10/25/2022 8:57:07 AM:279,10/25/2022 8:57:15 AM:571,00:08.3
567,TCP,10.0.2.15,41.63.105.0,50121,80,,https-41-63-105-0.hyd.llnw.net,http,4,"1,485 Bytes","2,112 Bytes",,10/25/2022 8:57:07 AM:336,10/25/2022 8:57:07 AM:493,00:00.2
