1,UDP,172.16.243.6,224.0.0.251,5353,5353,,,,60,720 Bytes,"2,440 Bytes",0.0 KB/Sec,10/14/2022 11:29:43 AM:996,10/14/2022 11:31:02 AM:842,00:01:18.845,,,,
2,UDP,172.16.242.30,224.0.0.251,5353,5353,,,,28,"11,121 Bytes","12,344 Bytes",0.1 KB/Sec,10/14/2022 11:29:44 AM:001,10/14/2022 11:31:04 AM:072,00:01:20.070,,,,
3,UDP,172.16.243.125,224.0.0.251,5353,5353,,,,18,"7,226 Bytes","8,162 Bytes",0.1 KB/Sec,10/14/2022 11:29:44 AM:010,10/14/2022 11:31:03 AM:972,00:01:19.961,,,,
4,UDP,172.16.241.207,239.255.255.250,49294,1900,,,ssdp,18,"2,466 Bytes","3,135 Bytes",0.0 KB/Sec,10/14/2022 11:29:44 AM:907,10/14/2022 11:30:40 AM:824,00:00:55.916,,,,
5,UDP,172.16.241.207,172.16.240.151,49294,1900,,,ssdp,8,"3,888 Bytes","4,626 Bytes",0.1 KB/Sec,10/14/2022 11:29:44 AM:950,10/14/2022 11:30:40 AM:834,00:00:55.883,,,,
6,TCP,172.16.241.207,172.16.242.30,58777,8009,,,,94,"12,741 Bytes","16,795 Bytes",0.1 KB/Sec,10/14/2022 11:29:44 AM:962,10/14/2022 11:31:13 AM:590,00:01:28.628,,,,
7,TCP,172.16.241.207,172.16.242.30,58901,8009,,,,77,"5,524 Bytes","8,874 Bytes",0.1 KB/Sec,10/14/2022 11:29:44 AM:991,10/14/2022 11:31:10 AM:540,00:01:25.549,,,,
8,TCP,172.16.241.207,172.16.243.125,58776,8009,,,,74,"4,950 Bytes","8,180 Bytes",0.1 KB/Sec,10/14/2022 11:29:45 AM:247,10/14/2022 11:31:11 AM:887,00:01:26.639,,,,
9,TCP,172.16.241.207,172.16.243.125,58784,8009,,,,70,"4,950 Bytes","8,020 Bytes",0.1 KB/Sec,10/14/2022 11:29:45 AM:288,10/14/2022 11:31:14 AM:353,00:01:29.065,,,,
10,UDP,192.168.0.1,255.255.255.255,59348,29810,,,,2,735 Bytes,"1,187 Bytes",0.1 KB/Sec,10/14/2022 11:29:45 AM:319,10/14/2022 11:29:55 AM:457,00:00:10.138,,,,
11,UDP,192.168.0.1,255.255.255.255,47405,29810,,,,2,734 Bytes,"1,185 Bytes",0.1 KB/Sec,10/14/2022 11:29:45 AM:630,10/14/2022 11:29:55 AM:671,00:00:10.040,,,,
12,UDP,192.168.0.1,255.255.255.255,59064,29810,,,,3,"1,101 Bytes","1,580 Bytes",0.0 KB/Sec,10/14/2022 11:29:46 AM:134,10/14/2022 11:30:46 AM:973,00:01:00.838,,,,
13,UDP,192.168.0.1,255.255.255.255,49340,29810,,,,2,735 Bytes,"1,187 Bytes",0.1 KB/Sec,10/14/2022 11:29:46 AM:753,10/14/2022 11:29:56 AM:892,00:00:10.139,,,,
14,TCP,172.16.241.207,172.16.242.165,58940,8009,,,,6,684 Bytes,"1,481 Bytes",0.1 KB/Sec,10/14/2022 11:29:47 AM:526,10/14/2022 11:29:57 AM:545,00:00:10.018,,,,
15,UDP,172.16.243.72,172.16.243.255,57621,57621,,,,1,40 Bytes,136 Bytes,,10/14/2022 11:29:47 AM:781,10/14/2022 11:29:47 AM:781,00:00:00.000,,,,
16,UDP,172.16.242.191,224.0.0.251,5353,5353,,,,12,"2,847 Bytes","3,377 Bytes",0.0 KB/Sec,10/14/2022 11:29:47 AM:996,10/14/2022 11:31:04 AM:072,00:01:16.075,,,,
17,UDP,172.16.243.72,224.0.0.251,5353,5353,,,,5,385 Bytes,630 Bytes,0.0 KB/Sec,10/14/2022 11:29:48 AM:902,10/14/2022 11:30:50 AM:863,00:01:01.960,,,,
18,TCP,172.16.241.207,172.16.242.165,58941,8009,,,,6,684 Bytes,"1,481 Bytes",0.1 KB/Sec,10/14/2022 11:29:48 AM:950,10/14/2022 11:29:58 AM:981,00:00:10.031,,,,
19,UDP,192.168.0.1,255.255.255.255,57751,29810,,,,3,"1,103 Bytes","1,583 Bytes",0.0 KB/Sec,10/14/2022 11:29:49 AM:319,10/14/2022 11:30:50 AM:142,00:01:00.823,,,,
20,UDP,192.168.0.1,255.255.255.255,38076,29810,,,,3,"1,101 Bytes","1,580 Bytes",0.0 KB/Sec,10/14/2022 11:29:49 AM:521,10/14/2022 11:30:40 AM:335,00:00:50.814,,,,
21,UDP,172.16.242.134,172.16.243.255,51505,15600,,,,1,35 Bytes,126 Bytes,,10/14/2022 11:29:49 AM:617,10/14/2022 11:29:49 AM:617,00:00:00.000,,,,
22,UDP,172.16.240.186,224.0.0.251,39655,5353,,,,1,44 Bytes,144 Bytes,,10/14/2022 11:29:49 AM:725,10/14/2022 11:29:49 AM:725,00:00:00.000,,,,
23,UDP,172.16.240.186,224.0.0.251,54537,5353,,,,1,44 Bytes,144 Bytes,,10/14/2022 11:29:49 AM:726,10/14/2022 11:29:49 AM:726,00:00:00.000,,,,
24,UDP,172.16.240.186,224.0.0.251,55755,5353,,,,1,44 Bytes,144 Bytes,,10/14/2022 11:29:49 AM:823,10/14/2022 11:29:49 AM:823,00:00:00.000,,,,
25,UDP,192.168.0.1,255.255.255.255,49793,29810,,,,4,"1,468 Bytes","1,975 Bytes",0.0 KB/Sec,10/14/2022 11:29:49 AM:831,10/14/2022 11:31:00 AM:781,00:01:10.949,,,,
26,UDP,172.16.240.186,224.0.0.251,55442,5353,,,,1,44 Bytes,144 Bytes,,10/14/2022 11:29:50 AM:037,10/14/2022 11:29:50 AM:037,00:00:00.000,,,,
27,UDP,172.16.240.186,224.0.0.251,44295,5353,,,,1,44 Bytes,144 Bytes,,10/14/2022 11:29:50 AM:044,10/14/2022 11:29:50 AM:044,00:00:00.000,,,,
28,UDP,172.16.242.24,224.0.0.251,5353,5353,,,,7,237 Bytes,494 Bytes,0.0 KB/Sec,10/14/2022 11:29:50 AM:546,10/14/2022 11:30:15 AM:730,00:00:25.184,,,,
29,UDP,192.168.0.20,224.0.0.251,5353,5353,,,,3,147 Bytes,308 Bytes,0.0 KB/Sec,10/14/2022 11:29:50 AM:675,10/14/2022 11:30:25 AM:665,00:00:34.990,,,,
30,UDP,192.168.0.1,255.255.255.255,36329,29810,,,,5,"1,836 Bytes","2,371 Bytes",0.0 KB/Sec,10/14/2022 11:29:51 AM:059,10/14/2022 11:30:51 AM:785,00:01:00.725,,,,
31,UDP,192.168.0.1,255.255.255.255,50720,29810,,,,6,"2,203 Bytes","2,766 Bytes",0.0 KB/Sec,10/14/2022 11:29:51 AM:059,10/14/2022 11:31:02 AM:024,00:01:10.964,,,,
32,UDP,192.168.0.1,255.255.255.255,46761,29810,,,,3,"1,101 Bytes","1,580 Bytes",0.0 KB/Sec,10/14/2022 11:29:51 AM:290,10/14/2022 11:31:01 AM:914,00:01:10.623,,,,
33,UDP,172.16.241.207,8.8.8.8,52014,53,,dns.google,domain,2,216 Bytes,339 Bytes,,10/14/2022 11:29:51 AM:530,10/14/2022 11:29:51 AM:531,00:00:00.001,,,,
34,UDP,172.16.241.207,8.8.8.8,63496,53,,dns.google,domain,2,174 Bytes,297 Bytes,,10/14/2022 11:29:51 AM:530,10/14/2022 11:29:51 AM:539,00:00:00.008,,,,
35,UDP,172.16.242.165,224.0.0.251,5353,5353,,,,6,753 Bytes,997 Bytes,0.0 KB/Sec,10/14/2022 11:29:51 AM:775,10/14/2022 11:30:46 AM:966,00:00:55.191,,,,
36,UDP,192.168.0.1,255.255.255.255,41629,29810,,,,2,734 Bytes,"1,185 Bytes",0.0 KB/Sec,10/14/2022 11:29:51 AM:979,10/14/2022 11:30:42 AM:675,00:00:50.696,,,,
37,UDP,172.16.241.207,8.8.8.8,63448,53,,dns.google,domain,2,197 Bytes,327 Bytes,6.0 KB/Sec,10/14/2022 11:29:52 AM:166,10/14/2022 11:29:52 AM:192,00:00:00.026,,,,
38,UDP,172.16.241.207,8.8.8.8,62121,53,,dns.google,domain,2,147 Bytes,277 Bytes,0.7 KB/Sec,10/14/2022 11:29:52 AM:167,10/14/2022 11:29:52 AM:386,00:00:00.219,,,,
39,TCP,172.16.241.207,35.247.144.219,58943,443,,cfw.gti.mcafee.akadns.net,https,10,"3,701 Bytes","4,294 Bytes",11.0 KB/Sec,10/14/2022 11:29:52 AM:490,10/14/2022 11:29:52 AM:813,00:00:00.322,,,,
40,UDP,172.16.242.134,239.255.255.250,59500,15600,,,,1,35 Bytes,126 Bytes,,10/14/2022 11:29:52 AM:587,10/14/2022 11:29:52 AM:587,00:00:00.000,,,,
41,TCP,172.16.241.207,104.85.134.242,58942,443,,e7741.x.akamaiedge.net,https,16,"4,250 Bytes","5,113 Bytes",10.6 KB/Sec,10/14/2022 11:29:52 AM:890,10/14/2022 11:29:53 AM:278,00:00:00.387,,,,
42,UDP,172.16.242.54,255.255.255.255,49154,6667,,,,6,"1,128 Bytes","1,512 Bytes",0.0 KB/Sec,10/14/2022 11:29:53 AM:106,10/14/2022 11:30:48 AM:099,00:00:54.992,,,,
43,UDP,192.168.0.1,255.255.255.255,49763,29810,,,,4,"1,469 Bytes","1,976 Bytes",0.0 KB/Sec,10/14/2022 11:29:53 AM:307,10/14/2022 11:30:44 AM:020,00:00:50.712,,,,
44,UDP,192.168.0.1,255.255.255.255,35983,29810,,,,3,"1,102 Bytes","1,582 Bytes",0.0 KB/Sec,10/14/2022 11:29:53 AM:619,10/14/2022 11:30:34 AM:164,00:00:40.544,,,,
45,UDP,192.168.0.1,255.255.255.255,37871,29810,,,,1,367 Bytes,790 Bytes,,10/14/2022 11:29:53 AM:620,10/14/2022 11:29:53 AM:620,00:00:00.000,,,,
46,UDP,192.168.0.1,255.255.255.255,47670,29810,,,,3,"1,102 Bytes","1,581 Bytes",0.0 KB/Sec,10/14/2022 11:29:54 AM:231,10/14/2022 11:30:55 AM:068,00:01:00.837,,,,
47,UDP,192.168.0.1,255.255.255.255,41428,29810,,,,1,367 Bytes,790 Bytes,,10/14/2022 11:29:54 AM:330,10/14/2022 11:29:54 AM:330,00:00:00.000,,,,
48,UDP,192.168.0.1,255.255.255.255,36598,29810,,,,2,735 Bytes,"1,186 Bytes",0.0 KB/Sec,10/14/2022 11:29:55 AM:155,10/14/2022 11:30:25 AM:669,00:00:30.514,,,,
49,UDP,192.168.0.1,255.255.255.255,42465,29810,,,,2,735 Bytes,"1,186 Bytes",0.0 KB/Sec,10/14/2022 11:29:55 AM:668,10/14/2022 11:30:26 AM:090,00:00:30.421,,,,
50,UDP,192.168.0.1,255.255.255.255,58893,29810,,,,3,"1,102 Bytes","1,581 Bytes",0.0 KB/Sec,10/14/2022 11:29:55 AM:668,10/14/2022 11:30:56 AM:484,00:01:00.816,,,,
51,UDP,172.16.243.205,224.0.0.251,5353,5353,,,,8,752 Bytes,"1,098 Bytes",0.0 KB/Sec,10/14/2022 11:29:56 AM:590,10/14/2022 11:30:50 AM:055,00:00:53.464,,,,
52,UDP,172.16.241.27,224.0.0.251,5353,5353,,,,4,"1,189 Bytes","1,638 Bytes",0.4 KB/Sec,10/14/2022 11:29:58 AM:021,10/14/2022 11:30:00 AM:995,00:00:02.973,,,,
53,UDP,172.16.242.134,239.255.255.250,51571,15600,,,,1,35 Bytes,126 Bytes,,10/14/2022 11:29:58 AM:632,10/14/2022 11:29:58 AM:632,00:00:00.000,,,,
54,TCP,172.16.241.207,172.16.243.125,58910,8008,,,,5,1 Bytes,254 Bytes,0.0 KB/Sec,10/14/2022 11:29:58 AM:885,10/14/2022 11:30:28 AM:595,00:00:29.710,,,,
55,TCP,172.16.241.207,172.16.243.125,58915,8008,,,,5,1 Bytes,254 Bytes,0.0 KB/Sec,10/14/2022 11:29:58 AM:918,10/14/2022 11:30:28 AM:606,00:00:29.687,,,,
56,TCP,172.16.241.207,172.16.242.191,58913,8008,,,,5,1 Bytes,254 Bytes,0.0 KB/Sec,10/14/2022 11:29:58 AM:931,10/14/2022 11:30:28 AM:894,00:00:29.962,,,,
57,TCP,172.16.241.207,172.16.242.191,58918,8008,,,,5,1 Bytes,254 Bytes,0.0 KB/Sec,10/14/2022 11:29:58 AM:943,10/14/2022 11:30:28 AM:613,00:00:29.669,,,,
58,TCP,172.16.241.207,8.8.4.4,58921,443,,dns.google,https,5,1 Bytes,254 Bytes,0.0 KB/Sec,10/14/2022 11:29:59 AM:101,10/14/2022 11:30:28 AM:670,00:00:29.569,,,,
59,UDP,192.168.0.1,255.255.255.255,38716,29810,,,,2,735 Bytes,"1,186 Bytes",0.0 KB/Sec,10/14/2022 11:29:59 AM:457,10/14/2022 11:30:50 AM:132,00:00:50.675,,,,
60,TCP,172.16.241.207,142.251.12.188,58923,5228,,se-in-f188.1e100.net,,5,1 Bytes,254 Bytes,0.0 KB/Sec,10/14/2022 11:29:59 AM:690,10/14/2022 11:30:30 AM:317,00:00:30.627,,,,
61,UDP,172.16.242.212,172.16.243.255,65430,3490,,,,1,552 Bytes,"1,160 Bytes",,10/14/2022 11:29:59 AM:861,10/14/2022 11:29:59 AM:861,00:00:00.000,,,,
62,TCP,172.16.241.207,172.16.242.134,58912,7678,,,,5,1 Bytes,254 Bytes,0.0 KB/Sec,10/14/2022 11:29:59 AM:920,10/14/2022 11:30:28 AM:610,00:00:28.689,,,,
63,UDP,172.16.240.186,224.0.0.251,33142,5353,,,,1,44 Bytes,144 Bytes,,10/14/2022 11:30:00 AM:993,10/14/2022 11:30:00 AM:993,00:00:00.000,,,,
64,UDP,172.16.240.186,224.0.0.251,34082,5353,,,,1,44 Bytes,144 Bytes,,10/14/2022 11:30:00 AM:994,10/14/2022 11:30:00 AM:994,00:00:00.000,,,,
65,UDP,172.16.240.186,224.0.0.251,33711,5353,,,,1,44 Bytes,144 Bytes,,10/14/2022 11:30:01 AM:199,10/14/2022 11:30:01 AM:199,00:00:00.000,,,,
66,UDP,192.168.0.1,255.255.255.255,39987,29810,,,,3,"1,102 Bytes","1,581 Bytes",0.0 KB/Sec,10/14/2022 11:30:01 AM:300,10/14/2022 11:30:51 AM:984,00:00:50.684,,,,
67,UDP,192.168.0.1,255.255.255.255,44205,29810,,,,4,"1,469 Bytes","1,976 Bytes",0.0 KB/Sec,10/14/2022 11:30:01 AM:300,10/14/2022 11:31:02 AM:024,00:01:00.723,,,,
68,TCP,172.16.241.207,20.198.119.84,58750,443,,,https,13,860 Bytes,"1,510 Bytes",0.0 KB/Sec,10/14/2022 11:30:02 AM:877,10/14/2022 11:30:48 AM:883,00:00:46.006,,,,
69,UDP,172.16.241.180,255.255.255.255,44729,29810,,,,3,"1,776 Bytes","2,480 Bytes",0.0 KB/Sec,10/14/2022 11:30:02 AM:935,10/14/2022 11:31:03 AM:243,00:01:00.307,,,,
70,TCP,172.16.241.207,172.16.242.165,58914,60000,,,,9,1 Bytes,402 Bytes,0.0 KB/Sec,10/14/2022 11:30:03 AM:883,10/14/2022 11:30:47 AM:306,00:00:43.422,,,,
71,TCP,172.16.241.207,172.16.242.165,58919,60000,,,,9,1 Bytes,402 Bytes,0.0 KB/Sec,10/14/2022 11:30:03 AM:938,10/14/2022 11:30:47 AM:307,00:00:43.368,,,,
72,UDP,172.16.242.134,224.0.0.251,5353,5353,,,,2,192 Bytes,372 Bytes,0.0 KB/Sec,10/14/2022 11:30:04 AM:363,10/14/2022 11:30:52 AM:591,00:00:48.227,,,,
73,UDP,172.16.242.134,239.255.255.250,45478,15600,,,,1,35 Bytes,126 Bytes,,10/14/2022 11:30:04 AM:569,10/14/2022 11:30:04 AM:569,00:00:00.000,,,,
74,UDP,192.168.0.1,255.255.255.255,49348,29810,,,,2,736 Bytes,"1,188 Bytes",0.0 KB/Sec,10/14/2022 11:30:05 AM:901,10/14/2022 11:30:56 AM:596,00:00:50.694,,,,
75,UDP,172.16.243.6,255.255.255.255,17500,17500,,,,2,508 Bytes,846 Bytes,0.0 KB/Sec,10/14/2022 11:30:08 AM:056,10/14/2022 11:30:38 AM:064,00:00:30.007,,,,
76,UDP,172.16.243.6,172.16.243.255,17500,17500,,,,2,508 Bytes,846 Bytes,0.0 KB/Sec,10/14/2022 11:30:08 AM:056,10/14/2022 11:30:38 AM:066,00:00:30.010,,,,
77,UDP,172.16.242.212,172.16.243.255,63483,3490,,,,1,552 Bytes,"1,160 Bytes",,10/14/2022 11:30:09 AM:888,10/14/2022 11:30:09 AM:888,00:00:00.000,,,,
78,TCP,172.16.241.207,172.16.242.165,58944,8009,,,,6,684 Bytes,"1,481 Bytes",0.1 KB/Sec,10/14/2022 11:30:11 AM:657,10/14/2022 11:30:21 AM:709,00:00:10.051,,,,
79,UDP,172.16.240.186,224.0.0.251,41059,5353,,,,1,44 Bytes,144 Bytes,,10/14/2022 11:30:12 AM:046,10/14/2022 11:30:12 AM:046,00:00:00.000,,,,
80,UDP,172.16.240.186,224.0.0.251,57246,5353,,,,1,44 Bytes,144 Bytes,,10/14/2022 11:30:12 AM:149,10/14/2022 11:30:12 AM:149,00:00:00.000,,,,
81,UDP,172.16.240.186,224.0.0.251,47215,5353,,,,1,44 Bytes,144 Bytes,,10/14/2022 11:30:12 AM:265,10/14/2022 11:30:12 AM:265,00:00:00.000,,,,
82,UDP,172.16.240.186,224.0.0.251,43596,5353,,,,1,44 Bytes,144 Bytes,,10/14/2022 11:30:12 AM:351,10/14/2022 11:30:12 AM:351,00:00:00.000,,,,
83,UDP,172.16.240.186,224.0.0.251,32906,5353,,,,1,44 Bytes,144 Bytes,,10/14/2022 11:30:12 AM:358,10/14/2022 11:30:12 AM:358,00:00:00.000,,,,
84,TCP,172.16.241.207,172.16.242.165,58945,8009,,,,8,684 Bytes,"1,573 Bytes",0.1 KB/Sec,10/14/2022 11:30:13 AM:517,10/14/2022 11:30:26 AM:469,00:00:12.951,,,,
85,UDP,172.16.242.134,172.16.243.255,47023,15600,,,,1,35 Bytes,126 Bytes,,10/14/2022 11:30:13 AM:585,10/14/2022 11:30:13 AM:585,00:00:00.000,,,,
86,UDP,172.16.242.134,172.16.243.255,53196,15600,,,,1,35 Bytes,126 Bytes,,10/14/2022 11:30:19 AM:626,10/14/2022 11:30:19 AM:626,00:00:00.000,,,,
87,UDP,172.16.240.186,224.0.0.251,54165,5353,,,,1,44 Bytes,144 Bytes,,10/14/2022 11:30:23 AM:310,10/14/2022 11:30:23 AM:310,00:00:00.000,,,,
88,TCP,172.16.241.207,8.8.4.4,58909,443,,dns.google,https,5,1 Bytes,254 Bytes,0.0 KB/Sec,10/14/2022 11:30:23 AM:638,10/14/2022 11:30:28 AM:670,00:00:05.032,,,,
89,TCP,172.16.241.207,18.66.30.114,58938,443,,server-18-66-30-114.bom78.r.cloudfront.net,https,5,1 Bytes,254 Bytes,0.0 KB/Sec,10/14/2022 11:30:24 AM:142,10/14/2022 11:30:28 AM:668,00:00:04.525,,,,
90,UDP,0.0.0.0,255.255.255.255,68,67,,,bootpc,26,"8,228 Bytes","9,306 Bytes",0.0 KB/Sec,10/14/2022 11:30:24 AM:962,10/14/2022 11:37:41 AM:067,00:07:16.105,,,,
91,UDP,172.16.241.207,224.0.0.251,5353,5353,,,,38,"2,298 Bytes","3,429 Bytes",0.2 KB/Sec,10/14/2022 11:30:24 AM:982,10/14/2022 11:30:35 AM:977,00:00:10.995,,,,
92,UDP,172.16.241.207,224.0.0.252,61057,5355,,,llmnr,2,66 Bytes,183 Bytes,,10/14/2022 11:30:24 AM:987,10/14/2022 11:30:24 AM:987,00:00:00.000,,,,
93,UDP,172.16.241.207,224.0.0.252,65436,5355,,,llmnr,2,66 Bytes,183 Bytes,,10/14/2022 11:30:25 AM:707,10/14/2022 11:30:25 AM:708,00:00:00.000,,,,
94,UDP,172.16.241.207,8.8.8.8,51286,53,,dns.google,domain,4,390 Bytes,571 Bytes,0.1 KB/Sec,10/14/2022 11:30:25 AM:964,10/14/2022 11:30:29 AM:451,00:00:03.486,,,,
95,UDP,172.16.241.207,8.8.8.8,54257,53,,dns.google,domain,2,218 Bytes,343 Bytes,2.0 KB/Sec,10/14/2022 11:30:25 AM:994,10/14/2022 11:30:26 AM:115,00:00:00.120,,,,
96,TCP,172.16.241.207,20.198.118.190,58904,443,,,https,9,268 Bytes,767 Bytes,0.2 KB/Sec,10/14/2022 11:30:26 AM:141,10/14/2022 11:30:27 AM:764,00:00:01.622,,,,
97,UDP,172.16.241.207,8.8.8.8,50218,53,,dns.google,domain,2,178 Bytes,301 Bytes,2.2 KB/Sec,10/14/2022 11:30:26 AM:155,10/14/2022 11:30:26 AM:243,00:00:00.088,,,,
98,UDP,172.16.241.207,8.8.8.8,61987,53,,dns.google,domain,2,220 Bytes,343 Bytes,2.8 KB/Sec,10/14/2022 11:30:26 AM:169,10/14/2022 11:30:26 AM:249,00:00:00.079,,,,
99,TCP,172.16.241.207,13.107.4.52,58946,80,,4-c-0003.c-msedge.net,http,7,693 Bytes,"1,167 Bytes",5.4 KB/Sec,10/14/2022 11:30:26 AM:197,10/14/2022 11:30:26 AM:325,00:00:00.127,,,,
100,UDP,172.16.241.207,8.8.8.8,56518,53,,dns.google,domain,2,131 Bytes,243 Bytes,2.7 KB/Sec,10/14/2022 11:30:26 AM:293,10/14/2022 11:30:26 AM:348,00:00:00.054,,,,
101,UDP,172.16.241.207,8.8.8.8,53187,53,,dns.google,domain,2,131 Bytes,243 Bytes,2.1 KB/Sec,10/14/2022 11:30:26 AM:319,10/14/2022 11:30:26 AM:371,00:00:00.051,,,,
102,TCP,172.16.241.207,23.32.176.63,58947,443,,e8203.g.akamaiedge.net,https,"1,669","1,405,142 Bytes","1,481,944 Bytes",40.9 KB/Sec,10/14/2022 11:30:26 AM:349,10/14/2022 11:30:59 AM:857,00:00:33.507,,,,
103,UDP,172.16.241.207,172.16.240.1,68,67,,,bootpc,2,600 Bytes,984 Bytes,0.0 KB/Sec,10/14/2022 11:30:26 AM:989,10/14/2022 11:32:43 AM:355,00:02:16.365,,,,
104,UDP,172.16.241.207,224.0.0.252,51196,5355,,,llmnr,2,66 Bytes,183 Bytes,,10/14/2022 11:30:27 AM:052,10/14/2022 11:30:27 AM:052,00:00:00.000,,,,
105,UDP,172.16.241.207,8.8.8.8,64140,53,,dns.google,domain,2,181 Bytes,305 Bytes,3.8 KB/Sec,10/14/2022 11:30:27 AM:766,10/14/2022 11:30:27 AM:820,00:00:00.053,,,,
106,UDP,172.16.241.207,8.8.8.8,63854,53,,dns.google,domain,2,139 Bytes,263 Bytes,2.9 KB/Sec,10/14/2022 11:30:27 AM:766,10/14/2022 11:30:27 AM:818,00:00:00.051,,,,
107,TCP,172.16.241.207,20.198.119.143,58948,443,,wns.notify.trafficmanager.net,https,34,"9,807 Bytes","11,447 Bytes",0.2 KB/Sec,10/14/2022 11:30:27 AM:877,10/14/2022 11:31:18 AM:386,00:00:50.508,,,,
108,UDP,172.16.241.207,8.8.8.8,53527,53,,dns.google,domain,2,203 Bytes,317 Bytes,4.2 KB/Sec,10/14/2022 11:30:27 AM:895,10/14/2022 11:30:27 AM:946,00:00:00.051,,,,
109,UDP,172.16.241.207,8.8.8.8,54109,53,,dns.google,domain,2,199 Bytes,313 Bytes,1.6 KB/Sec,10/14/2022 11:30:27 AM:899,10/14/2022 11:30:28 AM:015,00:00:00.116,,,,
110,TCP,172.16.241.207,204.79.197.200,58949,443,,dual-a-0001.a-msedge.net,https,93,"76,170 Bytes","80,459 Bytes",105.8 KB/Sec,10/14/2022 11:30:28 AM:500,10/14/2022 11:30:29 AM:198,00:00:00.697,,,,
111,TCP,172.16.241.207,204.79.197.200,58950,443,,dual-a-0001.a-msedge.net,https,12,938 Bytes,"1,963 Bytes",2.8 KB/Sec,10/14/2022 11:30:28 AM:591,10/14/2022 11:30:28 AM:921,00:00:00.329,,,,
112,UDP,172.16.241.207,8.8.8.8,61183,53,,dns.google,domain,1,28 Bytes,112 Bytes,,10/14/2022 11:30:29 AM:436,10/14/2022 11:30:29 AM:436,00:00:00.000,,,,
113,UDP,172.16.241.207,239.255.255.250,61185,1900,,,ssdp,8,"1,400 Bytes","1,827 Bytes",0.5 KB/Sec,10/14/2022 11:30:29 AM:914,10/14/2022 11:30:32 AM:913,00:00:02.999,,,,
114,UDP,172.16.241.207,172.16.243.125,61185,36981,,,,1,523 Bytes,"1,102 Bytes",,10/14/2022 11:30:29 AM:915,10/14/2022 11:30:29 AM:915,00:00:00.000,,,,
115,UDP,172.16.241.207,172.16.243.212,61185,1900,,,ssdp,2,678 Bytes,"1,101 Bytes",0.2 KB/Sec,10/14/2022 11:30:29 AM:915,10/14/2022 11:30:34 AM:050,00:00:04.135,,,,
116,UDP,172.16.241.207,239.255.255.250,61187,1900,,,ssdp,8,"1,400 Bytes","1,827 Bytes",0.5 KB/Sec,10/14/2022 11:30:29 AM:915,10/14/2022 11:30:32 AM:922,00:00:03.007,,,,
117,UDP,172.16.241.207,172.16.242.134,61185,50266,,,,1,414 Bytes,884 Bytes,,10/14/2022 11:30:30 AM:160,10/14/2022 11:30:30 AM:160,00:00:00.000,,,,
118,UDP,172.16.241.207,172.16.242.30,61187,60390,,,,1,522 Bytes,"1,100 Bytes",,10/14/2022 11:30:30 AM:160,10/14/2022 11:30:30 AM:160,00:00:00.000,,,,
119,UDP,172.16.241.207,172.16.243.125,61187,58672,,,,1,523 Bytes,"1,102 Bytes",,10/14/2022 11:30:30 AM:160,10/14/2022 11:30:30 AM:160,00:00:00.000,,,,
120,UDP,172.16.241.207,172.16.242.134,61187,38616,,,,1,414 Bytes,884 Bytes,,10/14/2022 11:30:30 AM:160,10/14/2022 11:30:30 AM:160,00:00:00.000,,,,
121,UDP,172.16.241.207,172.16.243.212,61187,1900,,,ssdp,2,678 Bytes,"1,101 Bytes",0.2 KB/Sec,10/14/2022 11:30:30 AM:160,10/14/2022 11:30:33 AM:236,00:00:03.075,,,,
122,UDP,172.16.241.207,192.168.49.1,61185,60000,,,,2,726 Bytes,"1,173 Bytes",0.2 KB/Sec,10/14/2022 11:30:30 AM:161,10/14/2022 11:30:34 AM:810,00:00:04.648,,,,
123,UDP,172.16.241.207,172.16.242.165,61185,60000,,,,3,"1,089 Bytes","1,564 Bytes",0.2 KB/Sec,10/14/2022 11:30:30 AM:161,10/14/2022 11:30:34 AM:840,00:00:04.678,,,,
124,UDP,172.16.241.207,172.16.242.191,61185,52344,,,,1,516 Bytes,"1,088 Bytes",,10/14/2022 11:30:30 AM:161,10/14/2022 11:30:30 AM:161,00:00:00.000,,,,
125,UDP,172.16.241.207,172.16.242.191,61187,56406,,,,1,516 Bytes,"1,088 Bytes",,10/14/2022 11:30:30 AM:162,10/14/2022 11:30:30 AM:162,00:00:00.000,,,,
126,UDP,172.16.241.207,8.8.8.8,62000,53,,dns.google,domain,2,88 Bytes,200 Bytes,2.7 KB/Sec,10/14/2022 11:30:30 AM:413,10/14/2022 11:30:30 AM:445,00:00:00.032,,,,
127,UDP,172.16.241.207,8.8.8.8,58747,53,,dns.google,domain,2,112 Bytes,224 Bytes,1.4 KB/Sec,10/14/2022 11:30:30 AM:414,10/14/2022 11:30:30 AM:485,00:00:00.071,,,,
128,UDP,172.16.241.207,192.168.49.1,61187,60000,,,,2,726 Bytes,"1,173 Bytes",0.4 KB/Sec,10/14/2022 11:30:30 AM:609,10/14/2022 11:30:32 AM:210,00:00:01.601,,,,
129,UDP,172.16.241.207,172.16.242.165,61187,60000,,,,2,726 Bytes,"1,173 Bytes",0.1 KB/Sec,10/14/2022 11:30:30 AM:609,10/14/2022 11:30:36 AM:558,00:00:05.949,,,,
130,TCP,172.16.241.207,8.8.4.4,58954,443,,dns.google,https,123,"15,872 Bytes","22,012 Bytes",0.3 KB/Sec,10/14/2022 11:30:30 AM:797,10/14/2022 11:31:17 AM:281,00:00:46.483,,,,
131,UDP,172.16.241.207,172.16.243.125,61185,55762,,,,1,523 Bytes,"1,102 Bytes",,10/14/2022 11:30:30 AM:942,10/14/2022 11:30:30 AM:942,00:00:00.000,,,,
132,UDP,172.16.241.207,172.16.242.30,61185,45085,,,,1,522 Bytes,"1,100 Bytes",,10/14/2022 11:30:30 AM:949,10/14/2022 11:30:30 AM:949,00:00:00.000,,,,
133,UDP,172.16.241.207,172.16.242.134,61185,51679,,,,1,414 Bytes,884 Bytes,,10/14/2022 11:30:30 AM:983,10/14/2022 11:30:30 AM:983,00:00:00.000,,,,
134,UDP,172.16.241.207,172.16.242.191,61185,47558,,,,1,516 Bytes,"1,088 Bytes",,10/14/2022 11:30:31 AM:118,10/14/2022 11:30:31 AM:118,00:00:00.000,,,,
135,TCP,172.16.241.207,172.16.243.125,58955,8008,,,,9,"2,006 Bytes","2,706 Bytes",0.9 KB/Sec,10/14/2022 11:30:31 AM:120,10/14/2022 11:30:33 AM:386,00:00:02.265,,,,
136,TCP,172.16.241.207,172.16.242.191,58959,8008,,,,10,"2,902 Bytes","3,654 Bytes",0.4 KB/Sec,10/14/2022 11:30:31 AM:539,10/14/2022 11:30:38 AM:519,00:00:06.979,,,,
137,TCP,172.16.241.207,172.16.242.191,58964,8008,,,,14,"3,358 Bytes","4,276 Bytes",0.5 KB/Sec,10/14/2022 11:30:31 AM:993,10/14/2022 11:30:38 AM:616,00:00:06.623,,,,
138,TCP,172.16.241.207,172.16.242.134,58957,7678,,,,15,"2,181 Bytes","3,110 Bytes",0.3 KB/Sec,10/14/2022 11:30:32 AM:193,10/14/2022 11:30:38 AM:370,00:00:06.177,,,,
139,UDP,172.16.241.207,8.8.8.8,64724,53,,dns.google,domain,2,113 Bytes,231 Bytes,0.2 KB/Sec,10/14/2022 11:30:32 AM:411,10/14/2022 11:30:32 AM:977,00:00:00.565,,,,
140,UDP,172.16.241.207,8.8.8.8,61570,53,,dns.google,domain,2,125 Bytes,243 Bytes,0.2 KB/Sec,10/14/2022 11:30:32 AM:411,10/14/2022 11:30:32 AM:917,00:00:00.505,,,,
141,TCP,172.16.241.207,8.8.4.4,58966,443,,dns.google,https,20,"4,054 Bytes","5,670 Bytes",0.1 KB/Sec,10/14/2022 11:30:32 AM:607,10/14/2022 11:31:19 AM:135,00:00:46.528,,,,
142,TCP,172.16.241.207,172.16.243.212,58963,56790,,,,10,801 Bytes,"1,498 Bytes",0.1 KB/Sec,10/14/2022 11:30:32 AM:608,10/14/2022 11:30:38 AM:451,00:00:05.843,,,,
143,TCP,172.16.241.207,172.16.243.212,58967,56790,,,,12,"1,285 Bytes","2,092 Bytes",0.2 KB/Sec,10/14/2022 11:30:32 AM:651,10/14/2022 11:30:39 AM:092,00:00:06.440,,,,
144,TCP,172.16.241.207,172.16.242.165,58969,60000,,,,14,"2,009 Bytes","2,952 Bytes",0.0 KB/Sec,10/14/2022 11:30:32 AM:709,10/14/2022 11:31:15 AM:884,00:00:43.175,,,,
145,TCP,172.16.241.207,172.16.242.30,58971,8008,,,,6,"1,457 Bytes","2,006 Bytes",1.3 KB/Sec,10/14/2022 11:30:32 AM:709,10/14/2022 11:30:33 AM:795,00:00:01.085,,,,
146,TCP,172.16.241.207,172.16.243.125,58972,8008,,,,10,"1,952 Bytes","2,686 Bytes",0.6 KB/Sec,10/14/2022 11:30:32 AM:710,10/14/2022 11:30:36 AM:134,00:00:03.423,,,,
147,TCP,172.16.241.207,172.16.242.134,58973,7678,,,,14,"2,145 Bytes","3,040 Bytes",0.3 KB/Sec,10/14/2022 11:30:32 AM:711,10/14/2022 11:30:39 AM:276,00:00:06.565,,,,
148,TCP,172.16.241.207,172.16.242.165,58976,60000,,,,13,"1,955 Bytes","2,828 Bytes",0.0 KB/Sec,10/14/2022 11:30:32 AM:778,10/14/2022 11:31:15 AM:887,00:00:43.109,,,,
149,TCP,172.16.241.207,172.16.242.30,58977,8008,,,,12,"4,162 Bytes","5,017 Bytes",0.8 KB/Sec,10/14/2022 11:30:33 AM:220,10/14/2022 11:30:38 AM:520,00:00:05.300,,,,
150,UDP,172.16.241.207,172.16.242.30,61185,46319,,,,1,522 Bytes,"1,100 Bytes",,10/14/2022 11:30:33 AM:227,10/14/2022 11:30:33 AM:227,00:00:00.000,,,,
151,UDP,172.16.241.207,172.16.242.134,61185,41646,,,,1,414 Bytes,884 Bytes,,10/14/2022 11:30:33 AM:228,10/14/2022 11:30:33 AM:228,00:00:00.000,,,,
152,UDP,172.16.241.207,172.16.243.125,61185,47256,,,,1,523 Bytes,"1,102 Bytes",,10/14/2022 11:30:33 AM:228,10/14/2022 11:30:33 AM:228,00:00:00.000,,,,
153,UDP,172.16.241.207,172.16.243.125,61187,38074,,,,1,523 Bytes,"1,102 Bytes",,10/14/2022 11:30:33 AM:236,10/14/2022 11:30:33 AM:236,00:00:00.000,,,,
154,UDP,172.16.241.207,172.16.242.191,61185,54381,,,,1,516 Bytes,"1,088 Bytes",,10/14/2022 11:30:33 AM:239,10/14/2022 11:30:33 AM:239,00:00:00.000,,,,
155,UDP,172.16.241.207,172.16.242.191,61187,34092,,,,1,516 Bytes,"1,088 Bytes",,10/14/2022 11:30:33 AM:299,10/14/2022 11:30:33 AM:299,00:00:00.000,,,,
156,TCP,172.16.241.207,172.217.194.188,58980,5228,,mobile-gtalk.l.google.com,,29,"9,685 Bytes","11,502 Bytes",0.2 KB/Sec,10/14/2022 11:30:33 AM:540,10/14/2022 11:31:19 AM:344,00:00:45.803,,,,
157,UDP,192.168.0.1,255.255.255.255,38435,29810,,,,2,734 Bytes,"1,185 Bytes",0.1 KB/Sec,10/14/2022 11:30:33 AM:654,10/14/2022 11:30:43 AM:800,00:00:10.146,,,,
158,UDP,172.16.241.207,172.16.243.125,61185,33461,,,,1,523 Bytes,"1,102 Bytes",,10/14/2022 11:30:33 AM:938,10/14/2022 11:30:33 AM:938,00:00:00.000,,,,
159,UDP,172.16.241.207,172.16.242.30,61185,58579,,,,1,522 Bytes,"1,100 Bytes",,10/14/2022 11:30:33 AM:957,10/14/2022 11:30:33 AM:957,00:00:00.000,,,,
160,UDP,172.16.241.207,172.16.242.134,61185,36578,,,,1,414 Bytes,884 Bytes,,10/14/2022 11:30:34 AM:050,10/14/2022 11:30:34 AM:050,00:00:00.000,,,,
161,UDP,192.168.0.1,255.255.255.255,40816,29810,,,,2,736 Bytes,"1,188 Bytes",0.0 KB/Sec,10/14/2022 11:30:34 AM:080,10/14/2022 11:30:54 AM:330,00:00:20.250,,,,
162,UDP,172.16.241.207,172.16.243.125,61187,54404,,,,1,523 Bytes,"1,102 Bytes",,10/14/2022 11:30:34 AM:198,10/14/2022 11:30:34 AM:198,00:00:00.000,,,,
163,UDP,172.16.241.207,8.8.8.8,49916,53,,dns.google,domain,2,94 Bytes,211 Bytes,0.1 KB/Sec,10/14/2022 11:30:36 AM:533,10/14/2022 11:30:37 AM:848,00:00:01.315,,,,
164,UDP,172.16.241.207,8.8.8.8,53539,53,,dns.google,domain,2,82 Bytes,199 Bytes,0.1 KB/Sec,10/14/2022 11:30:36 AM:534,10/14/2022 11:30:37 AM:636,00:00:01.101,,,,
165,UDP,172.16.241.207,8.8.4.4,53539,53,,dns.google,domain,1,33 Bytes,122 Bytes,,10/14/2022 11:30:37 AM:530,10/14/2022 11:30:37 AM:530,00:00:00.000,,,,
166,UDP,172.16.241.207,8.8.4.4,49916,53,,dns.google,domain,1,33 Bytes,122 Bytes,,10/14/2022 11:30:37 AM:530,10/14/2022 11:30:37 AM:530,00:00:00.000,,,,
167,UDP,172.16.242.134,172.16.243.255,33086,15600,,,,1,35 Bytes,126 Bytes,,10/14/2022 11:30:37 AM:637,10/14/2022 11:30:37 AM:637,00:00:00.000,,,,
168,UDP,172.16.241.207,142.250.76.195,53241,443,,ssl.gstatic.com,https,22,"10,788 Bytes","12,682 Bytes",6.0 KB/Sec,10/14/2022 11:30:37 AM:849,10/14/2022 11:30:39 AM:597,00:00:01.747,,,,
169,UDP,172.16.243.155,224.0.0.251,5353,5353,,,,1,61 Bytes,178 Bytes,,10/14/2022 11:30:38 AM:207,10/14/2022 11:30:38 AM:207,00:00:00.000,,,,
170,TCP,172.16.241.207,172.16.242.165,58982,8009,,,,12,"1,718 Bytes","2,803 Bytes",0.2 KB/Sec,10/14/2022 11:30:38 AM:647,10/14/2022 11:30:46 AM:962,00:00:08.315,,,,
171,TCP,172.16.241.207,172.16.242.165,58984,8009,,,,12,"1,718 Bytes","2,803 Bytes",0.2 KB/Sec,10/14/2022 11:30:38 AM:652,10/14/2022 11:30:47 AM:168,00:00:08.515,,,,
172,UDP,172.16.242.183,172.16.243.255,64069,3490,,,,1,552 Bytes,"1,160 Bytes",,10/14/2022 11:30:39 AM:081,10/14/2022 11:30:39 AM:081,00:00:00.000,,,,
173,UDP,172.16.241.207,8.8.8.8,58998,53,,dns.google,domain,2,131 Bytes,243 Bytes,4.1 KB/Sec,10/14/2022 11:30:39 AM:102,10/14/2022 11:30:39 AM:131,00:00:00.028,,,,
174,UDP,172.16.241.207,8.8.8.8,64204,53,,dns.google,domain,1,28 Bytes,112 Bytes,,10/14/2022 11:30:39 AM:109,10/14/2022 11:30:39 AM:109,00:00:00.000,,,,
175,UDP,172.16.241.207,142.251.42.110,50156,443,,bom07s45-in-f14.1e100.net,https,37,"19,450 Bytes","21,764 Bytes",39.2 KB/Sec,10/14/2022 11:30:39 AM:225,10/14/2022 11:30:39 AM:705,00:00:00.479,,,,
176,UDP,172.16.241.207,142.251.42.78,51056,443,,bom12s21-in-f14.1e100.net,https,36,"19,109 Bytes","21,395 Bytes",30.6 KB/Sec,10/14/2022 11:30:39 AM:460,10/14/2022 11:30:40 AM:054,00:00:00.594,,,,
177,UDP,172.16.243.203,224.0.0.251,5353,5353,,,,3,282 Bytes,488 Bytes,0.1 KB/Sec,10/14/2022 11:30:40 AM:521,10/14/2022 11:30:42 AM:478,00:00:01.956,,,,
178,TCP,172.16.241.207,172.16.242.191,58987,8009,,,,3,517 Bytes,"1,194 Bytes",,10/14/2022 11:30:40 AM:905,10/14/2022 11:30:40 AM:910,00:00:00.004,,,,
179,TCP,172.16.241.207,172.16.242.191,58988,8009,,,,3,517 Bytes,"1,194 Bytes",,10/14/2022 11:30:40 AM:912,10/14/2022 11:30:40 AM:913,00:00:00.000,,,,
180,UDP,192.168.0.1,255.255.255.255,58050,29810,,,,1,367 Bytes,790 Bytes,,10/14/2022 11:30:41 AM:229,10/14/2022 11:30:41 AM:229,00:00:00.000,,,,
181,UDP,192.168.0.1,255.255.255.255,45561,29810,,,,3,"1,102 Bytes","1,581 Bytes",0.1 KB/Sec,10/14/2022 11:30:41 AM:453,10/14/2022 11:31:01 AM:713,00:00:20.259,,,,
182,TCP,172.16.241.207,172.16.242.191,58991,8009,,,,3,517 Bytes,"1,194 Bytes",4.6 KB/Sec,10/14/2022 11:30:41 AM:501,10/14/2022 11:30:41 AM:613,00:00:00.112,,,,
183,TCP,172.16.241.207,172.16.242.191,58992,8009,,,,3,517 Bytes,"1,194 Bytes",8.0 KB/Sec,10/14/2022 11:30:41 AM:707,10/14/2022 11:30:41 AM:767,00:00:00.060,,,,
184,UDP,192.168.0.1,255.255.255.255,54585,29810,,,,2,734 Bytes,"1,185 Bytes",0.1 KB/Sec,10/14/2022 11:30:42 AM:685,10/14/2022 11:30:52 AM:793,00:00:10.107,,,,
185,TCP,172.16.241.207,172.16.242.191,58993,8009,,,,3,517 Bytes,"1,194 Bytes",3.6 KB/Sec,10/14/2022 11:30:42 AM:796,10/14/2022 11:30:42 AM:944,00:00:00.148,,,,
186,TCP,172.16.241.207,172.16.242.191,58994,8009,,,,3,517 Bytes,"1,194 Bytes",15.8 KB/Sec,10/14/2022 11:30:42 AM:981,10/14/2022 11:30:43 AM:011,00:00:00.030,,,,
187,TCP,172.16.241.207,172.16.242.191,58995,8009,,,,7,"1,551 Bytes","2,388 Bytes",0.7 KB/Sec,10/14/2022 11:30:43 AM:259,10/14/2022 11:30:45 AM:542,00:00:02.283,,,,
188,UDP,172.16.242.198,224.0.0.251,5353,5353,,,,3,447 Bytes,708 Bytes,1.0 KB/Sec,10/14/2022 11:30:43 AM:476,10/14/2022 11:30:43 AM:898,00:00:00.422,,,,
189,UDP,172.16.242.134,172.16.243.255,40041,15600,,,,1,35 Bytes,126 Bytes,,10/14/2022 11:30:43 AM:593,10/14/2022 11:30:43 AM:593,00:00:00.000,,,,
190,UDP,172.16.241.179,224.0.0.251,5353,5353,,,,2,180 Bytes,354 Bytes,0.2 KB/Sec,10/14/2022 11:30:44 AM:519,10/14/2022 11:30:45 AM:444,00:00:00.924,,,,
191,UDP,172.16.241.207,8.8.8.8,57059,53,,dns.google,domain,2,131 Bytes,243 Bytes,0.8 KB/Sec,10/14/2022 11:30:45 AM:488,10/14/2022 11:30:45 AM:649,00:00:00.160,,,,
192,UDP,172.16.241.207,8.8.8.8,63366,53,,dns.google,domain,2,131 Bytes,243 Bytes,1.6 KB/Sec,10/14/2022 11:30:45 AM:488,10/14/2022 11:30:45 AM:562,00:00:00.073,,,,
193,UDP,172.16.241.207,8.8.4.4,57059,53,,dns.google,domain,1,28 Bytes,112 Bytes,,10/14/2022 11:30:45 AM:544,10/14/2022 11:30:45 AM:544,00:00:00.000,,,,
194,UDP,172.16.241.207,8.8.4.4,63366,53,,dns.google,domain,1,28 Bytes,112 Bytes,,10/14/2022 11:30:45 AM:544,10/14/2022 11:30:45 AM:544,00:00:00.000,,,,
195,UDP,172.16.240.186,224.0.0.251,49042,5353,,,,1,44 Bytes,144 Bytes,,10/14/2022 11:30:45 AM:663,10/14/2022 11:30:45 AM:663,00:00:00.000,,,,
196,UDP,172.16.240.186,224.0.0.251,60097,5353,,,,1,44 Bytes,144 Bytes,,10/14/2022 11:30:45 AM:663,10/14/2022 11:30:45 AM:663,00:00:00.000,,,,
197,UDP,172.16.240.186,224.0.0.251,48023,5353,,,,1,44 Bytes,144 Bytes,,10/14/2022 11:30:45 AM:750,10/14/2022 11:30:45 AM:750,00:00:00.000,,,,
198,UDP,172.16.240.186,224.0.0.251,44430,5353,,,,1,44 Bytes,144 Bytes,,10/14/2022 11:30:45 AM:757,10/14/2022 11:30:45 AM:757,00:00:00.000,,,,
199,UDP,172.16.240.186,224.0.0.251,59466,5353,,,,1,44 Bytes,144 Bytes,,10/14/2022 11:30:45 AM:860,10/14/2022 11:30:45 AM:860,00:00:00.000,,,,
200,TCP,172.16.241.207,172.16.242.191,58996,8009,,,,8,"1,551 Bytes","2,452 Bytes",1.4 KB/Sec,10/14/2022 11:30:45 AM:877,10/14/2022 11:30:46 AM:955,00:00:01.077,,,,
201,TCP,172.16.241.207,172.16.242.165,58999,8009,,,,8,"1,201 Bytes","2,090 Bytes",0.1 KB/Sec,10/14/2022 11:30:46 AM:963,10/14/2022 11:30:56 AM:476,00:00:09.513,,,,
202,TCP,172.16.241.207,172.16.242.165,59000,8009,,,,8,"1,201 Bytes","2,090 Bytes",0.1 KB/Sec,10/14/2022 11:30:47 AM:169,10/14/2022 11:30:57 AM:139,00:00:09.969,,,,
203,UDP,172.16.242.134,172.16.243.255,35342,15600,,,,1,35 Bytes,126 Bytes,,10/14/2022 11:30:49 AM:629,10/14/2022 11:30:49 AM:629,00:00:00.000,,,,
204,UDP,172.16.241.207,8.8.8.8,55177,53,,dns.google,domain,2,225 Bytes,346 Bytes,2.0 KB/Sec,10/14/2022 11:30:49 AM:920,10/14/2022 11:30:50 AM:029,00:00:00.109,,,,
205,UDP,172.16.241.207,8.8.8.8,53334,53,,dns.google,domain,2,267 Bytes,388 Bytes,2.4 KB/Sec,10/14/2022 11:30:49 AM:922,10/14/2022 11:30:50 AM:029,00:00:00.107,,,,
206,TCP,172.16.241.207,23.32.176.99,59001,443,,e2820.g.akamaiedge.net,https,47,"25,069 Bytes","27,325 Bytes",2.5 KB/Sec,10/14/2022 11:30:50 AM:120,10/14/2022 11:30:59 AM:858,00:00:09.738,,,,
207,TCP,172.16.241.207,172.16.242.191,59002,8009,,,,3,517 Bytes,"1,194 Bytes",31.6 KB/Sec,10/14/2022 11:30:51 AM:354,10/14/2022 11:30:51 AM:374,00:00:00.019,,,,
208,UDP,192.168.0.1,255.255.255.255,33734,29810,,,,1,367 Bytes,790 Bytes,,10/14/2022 11:30:52 AM:191,10/14/2022 11:30:52 AM:191,00:00:00.000,,,,
209,UDP,172.16.242.134,239.255.255.250,44931,15600,,,,1,35 Bytes,126 Bytes,,10/14/2022 11:30:52 AM:595,10/14/2022 11:30:52 AM:595,00:00:00.000,,,,
210,UDP,192.168.0.1,255.255.255.255,42630,29810,,,,1,367 Bytes,790 Bytes,,10/14/2022 11:30:52 AM:999,10/14/2022 11:30:52 AM:999,00:00:00.000,,,,
211,TCP,172.16.241.207,172.16.242.191,59003,8009,,,,3,517 Bytes,"1,194 Bytes",4.6 KB/Sec,10/14/2022 11:30:53 AM:340,10/14/2022 11:30:53 AM:450,00:00:00.110,,,,
212,TCP,172.16.241.207,172.16.242.191,59004,8009,,,,4,"1,034 Bytes","1,751 Bytes",2.4 KB/Sec,10/14/2022 11:30:55 AM:185,10/14/2022 11:30:55 AM:618,00:00:00.432,,,,
213,TCP,172.16.241.207,172.16.242.191,59006,8009,,,,3,517 Bytes,"1,194 Bytes",5.4 KB/Sec,10/14/2022 11:30:55 AM:576,10/14/2022 11:30:55 AM:670,00:00:00.094,,,,
214,UDP,172.16.240.186,224.0.0.251,48955,5353,,,,1,44 Bytes,144 Bytes,,10/14/2022 11:30:56 AM:594,10/14/2022 11:30:56 AM:594,00:00:00.000,,,,
215,UDP,172.16.240.186,224.0.0.251,41703,5353,,,,1,44 Bytes,144 Bytes,,10/14/2022 11:30:56 AM:707,10/14/2022 11:30:56 AM:707,00:00:00.000,,,,
216,UDP,172.16.240.186,224.0.0.251,59078,5353,,,,1,44 Bytes,144 Bytes,,10/14/2022 11:30:56 AM:793,10/14/2022 11:30:56 AM:793,00:00:00.000,,,,
217,UDP,172.16.240.186,224.0.0.251,50614,5353,,,,1,44 Bytes,144 Bytes,,10/14/2022 11:30:56 AM:910,10/14/2022 11:30:56 AM:910,00:00:00.000,,,,
218,UDP,172.16.240.186,224.0.0.251,55615,5353,,,,1,44 Bytes,144 Bytes,,10/14/2022 11:30:56 AM:913,10/14/2022 11:30:56 AM:913,00:00:00.000,,,,
219,UDP,172.16.240.186,224.0.0.251,38879,5353,,,,1,44 Bytes,144 Bytes,,10/14/2022 11:30:57 AM:014,10/14/2022 11:30:57 AM:014,00:00:00.000,,,,
220,UDP,172.16.240.186,224.0.0.251,60806,5353,,,,1,44 Bytes,144 Bytes,,10/14/2022 11:30:57 AM:019,10/14/2022 11:30:57 AM:019,00:00:00.000,,,,
221,UDP,172.16.242.134,239.255.255.250,46494,15600,,,,1,35 Bytes,126 Bytes,,10/14/2022 11:30:58 AM:638,10/14/2022 11:30:58 AM:638,00:00:00.000,,,,
222,UDP,192.168.1.2,224.0.0.251,5353,5353,,,,1,241 Bytes,538 Bytes,,10/14/2022 11:30:59 AM:046,10/14/2022 11:30:59 AM:046,00:00:00.000,,,,
223,UDP,192.168.1.5,224.0.0.251,5353,5353,,,,3,637 Bytes,990 Bytes,0.4 KB/Sec,10/14/2022 11:30:59 AM:484,10/14/2022 11:31:00 AM:994,00:00:01.510,,,,
224,TCP,172.16.241.207,172.16.242.191,59010,8009,,,,3,517 Bytes,"1,194 Bytes",31.6 KB/Sec,10/14/2022 11:31:03 AM:374,10/14/2022 11:31:03 AM:390,00:00:00.015,,,,
225,UDP,172.16.241.243,224.0.0.251,5353,5353,,,,1,61 Bytes,178 Bytes,,10/14/2022 11:31:03 AM:959,10/14/2022 11:31:03 AM:959,00:00:00.000,,,,
226,UDP,172.16.242.134,239.255.255.250,52395,15600,,,,1,35 Bytes,126 Bytes,,10/14/2022 11:31:04 AM:676,10/14/2022 11:31:04 AM:676,00:00:00.000,,,,
227,UDP,172.16.241.207,8.8.8.8,53387,53,,dns.google,domain,1,54 Bytes,164 Bytes,,10/14/2022 11:31:07 AM:704,10/14/2022 11:31:07 AM:704,00:00:00.000,,,,
228,UDP,172.16.241.207,8.8.4.4,53387,53,,dns.google,domain,1,54 Bytes,164 Bytes,,10/14/2022 11:31:09 AM:715,10/14/2022 11:31:09 AM:715,00:00:00.000,,,,
229,UDP,172.16.241.207,8.8.4.4,59237,53,,dns.google,domain,1,29 Bytes,114 Bytes,,10/14/2022 11:31:13 AM:720,10/14/2022 11:31:13 AM:720,00:00:00.000,,,,
230,UDP,172.16.241.207,4.2.2.2,59237,53,,,domain,1,29 Bytes,114 Bytes,,10/14/2022 11:31:14 AM:723,10/14/2022 11:31:14 AM:723,00:00:00.000,,,,
231,TCP,172.16.241.207,172.16.242.134,58968,7678,,,,2,1 Bytes,122 Bytes,0.0 KB/Sec,10/14/2022 11:31:17 AM:678,10/14/2022 11:31:18 AM:161,00:00:00.482,,,,
232,TCP,172.16.241.207,172.16.242.134,58962,7678,,,,1,1 Bytes,82 Bytes,,10/14/2022 11:31:18 AM:222,10/14/2022 11:31:18 AM:222,00:00:00.000,,,,
233,ICMP,172.16.241.207,172.16.241.207,,,,,,65,"3,239 Bytes","5,128 Bytes",0.0 KB/Sec,10/14/2022 11:31:18 AM:319,10/14/2022 11:32:41 AM:813,00:01:23.493,,,,
234,UDP,192.168.0.1,255.255.255.255,52976,29810,,,,1,367 Bytes,790 Bytes,,10/14/2022 11:32:41 AM:863,10/14/2022 11:32:41 AM:863,00:00:00.000,,,,
235,UDP,192.168.1.1,255.255.255.255,67,68,,,bootps,1,548 Bytes,"1,152 Bytes",,10/14/2022 11:32:41 AM:960,10/14/2022 11:32:41 AM:960,00:00:00.000,,,,
236,UDP,192.168.0.1,255.255.255.255,34536,29810,,,,1,367 Bytes,790 Bytes,,10/14/2022 11:32:43 AM:291,10/14/2022 11:32:43 AM:291,00:00:00.000,,,,
237,UDP,192.168.0.1,255.255.255.255,48080,29810,,,,1,367 Bytes,790 Bytes,,10/14/2022 11:32:43 AM:402,10/14/2022 11:32:43 AM:402,00:00:00.000,,,,
238,UDP,169.254.132.211,224.0.0.251,5353,5353,,,,20,"1,530 Bytes","2,157 Bytes",0.0 KB/Sec,10/14/2022 11:32:51 AM:862,10/14/2022 11:35:30 AM:389,00:02:38.527,,,,
239,UDP,192.168.43.1,192.168.43.124,67,68,,LAPTOP-54PG1OGH,bootps,2,638 Bytes,"1,031 Bytes",20.1 KB/Sec,10/14/2022 11:35:31 AM:820,10/14/2022 11:35:31 AM:851,00:00:00.031,,,,
240,UDP,192.168.43.124,224.0.0.251,5353,5353,LAPTOP-54PG1OGH,,,64,"16,026 Bytes","17,885 Bytes",0.1 KB/Sec,10/14/2022 11:35:32 AM:115,10/14/2022 11:37:42 AM:644,00:02:10.529,,,,
241,UDP,192.168.43.124,192.168.43.1,60823,53,LAPTOP-54PG1OGH,,domain,2,181 Bytes,304 Bytes,,10/14/2022 11:35:32 AM:358,10/14/2022 11:35:32 AM:360,00:00:00.002,,,,
242,UDP,192.168.43.124,192.168.43.1,57544,53,LAPTOP-54PG1OGH,,domain,2,193 Bytes,316 Bytes,,10/14/2022 11:35:32 AM:359,10/14/2022 11:35:32 AM:361,00:00:00.002,,,,
243,UDP,192.168.43.124,192.168.43.1,61616,53,LAPTOP-54PG1OGH,,domain,2,218 Bytes,343 Bytes,3.4 KB/Sec,10/14/2022 11:35:32 AM:621,10/14/2022 11:35:32 AM:687,00:00:00.066,,,,
244,UDP,192.168.43.124,192.168.43.1,59375,53,LAPTOP-54PG1OGH,,domain,2,230 Bytes,355 Bytes,2.4 KB/Sec,10/14/2022 11:35:32 AM:622,10/14/2022 11:35:32 AM:716,00:00:00.094,,,,
245,UDP,192.168.43.124,192.168.43.1,50879,53,LAPTOP-54PG1OGH,,domain,2,113 Bytes,231 Bytes,3.6 KB/Sec,10/14/2022 11:35:34 AM:062,10/14/2022 11:35:34 AM:099,00:00:00.036,,,,
246,UDP,192.168.43.124,192.168.43.1,57407,53,LAPTOP-54PG1OGH,,domain,2,82 Bytes,199 Bytes,2.6 KB/Sec,10/14/2022 11:35:34 AM:062,10/14/2022 11:35:34 AM:099,00:00:00.036,,,,
247,UDP,192.168.43.124,192.168.43.1,61122,53,LAPTOP-54PG1OGH,,domain,2,86 Bytes,205 Bytes,2.7 KB/Sec,10/14/2022 11:35:34 AM:063,10/14/2022 11:35:34 AM:100,00:00:00.036,,,,
248,UDP,192.168.43.124,192.168.43.1,57394,53,LAPTOP-54PG1OGH,,domain,2,82 Bytes,199 Bytes,2.6 KB/Sec,10/14/2022 11:35:34 AM:063,10/14/2022 11:35:34 AM:098,00:00:00.034,,,,
249,UDP,192.168.43.124,192.168.43.1,60452,53,LAPTOP-54PG1OGH,,domain,2,94 Bytes,211 Bytes,2.0 KB/Sec,10/14/2022 11:35:34 AM:063,10/14/2022 11:35:34 AM:108,00:00:00.044,,,,
250,UDP,192.168.43.124,192.168.43.1,58405,53,LAPTOP-54PG1OGH,,domain,2,98 Bytes,217 Bytes,0.8 KB/Sec,10/14/2022 11:35:34 AM:063,10/14/2022 11:35:34 AM:185,00:00:00.121,,,,
251,UDP,192.168.43.124,192.168.43.1,59373,53,LAPTOP-54PG1OGH,,domain,2,94 Bytes,211 Bytes,2.0 KB/Sec,10/14/2022 11:35:34 AM:064,10/14/2022 11:35:34 AM:108,00:00:00.043,,,,
252,UDP,192.168.43.124,192.168.43.1,60219,53,LAPTOP-54PG1OGH,,domain,2,125 Bytes,243 Bytes,2.7 KB/Sec,10/14/2022 11:35:34 AM:064,10/14/2022 11:35:34 AM:110,00:00:00.045,,,,
253,UDP,192.168.43.124,192.168.43.1,57362,53,LAPTOP-54PG1OGH,,domain,2,316 Bytes,441 Bytes,3.3 KB/Sec,10/14/2022 11:35:34 AM:185,10/14/2022 11:35:34 AM:289,00:00:00.104,,,,
254,UDP,192.168.43.124,192.168.43.1,56825,53,LAPTOP-54PG1OGH,,domain,4,471 Bytes,652 Bytes,0.0 KB/Sec,10/14/2022 11:35:34 AM:185,10/14/2022 11:43:09 AM:775,00:07:35.590,,,,
255,UDP,192.168.43.124,192.168.43.1,64227,53,LAPTOP-54PG1OGH,,domain,2,257 Bytes,382 Bytes,,10/14/2022 11:35:37 AM:236,10/14/2022 11:35:37 AM:238,00:00:00.002,,,,
256,UDP,192.168.43.124,192.168.43.1,53576,53,LAPTOP-54PG1OGH,,domain,2,139 Bytes,263 Bytes,0.9 KB/Sec,10/14/2022 11:35:37 AM:515,10/14/2022 11:35:37 AM:670,00:00:00.155,,,,
257,UDP,192.168.43.124,192.168.43.1,57839,53,LAPTOP-54PG1OGH,,domain,2,151 Bytes,275 Bytes,0.9 KB/Sec,10/14/2022 11:35:37 AM:516,10/14/2022 11:35:37 AM:670,00:00:00.154,,,,
258,UDP,192.168.43.124,192.168.43.1,60013,53,LAPTOP-54PG1OGH,,domain,2,283 Bytes,411 Bytes,2.9 KB/Sec,10/14/2022 11:35:37 AM:701,10/14/2022 11:35:37 AM:800,00:00:00.099,,,,
259,UDP,192.168.43.124,192.168.43.1,54206,53,LAPTOP-54PG1OGH,,domain,2,295 Bytes,423 Bytes,2.0 KB/Sec,10/14/2022 11:35:37 AM:701,10/14/2022 11:35:37 AM:850,00:00:00.149,,,,
260,UDP,192.168.43.124,239.255.255.250,49794,1900,LAPTOP-54PG1OGH,,ssdp,6,"1,050 Bytes","1,421 Bytes",0.5 KB/Sec,10/14/2022 11:35:37 AM:930,10/14/2022 11:35:39 AM:935,00:00:02.005,,,,
261,UDP,192.168.43.124,239.255.255.250,49796,1900,LAPTOP-54PG1OGH,,ssdp,6,"1,050 Bytes","1,421 Bytes",0.5 KB/Sec,10/14/2022 11:35:37 AM:937,10/14/2022 11:35:39 AM:961,00:00:02.023,,,,
262,UDP,192.168.43.124,239.255.255.250,64860,1900,LAPTOP-54PG1OGH,,ssdp,16,"2,108 Bytes","2,721 Bytes",0.3 KB/Sec,10/14/2022 11:35:38 AM:261,10/14/2022 11:35:44 AM:275,00:00:06.013,,,,
263,UDP,192.168.43.124,192.168.43.1,59292,53,LAPTOP-54PG1OGH,,domain,2,225 Bytes,346 Bytes,1.0 KB/Sec,10/14/2022 11:35:38 AM:486,10/14/2022 11:35:38 AM:703,00:00:00.217,,,,
264,UDP,192.168.43.124,192.168.43.1,57183,53,LAPTOP-54PG1OGH,,domain,2,237 Bytes,358 Bytes,0.9 KB/Sec,10/14/2022 11:35:38 AM:487,10/14/2022 11:35:38 AM:760,00:00:00.273,,,,
265,UDP,192.168.43.124,192.168.43.1,52104,53,LAPTOP-54PG1OGH,,domain,2,214 Bytes,346 Bytes,6.7 KB/Sec,10/14/2022 11:35:39 AM:353,10/14/2022 11:35:39 AM:384,00:00:00.031,,,,
266,UDP,192.168.43.124,192.168.43.1,60406,53,LAPTOP-54PG1OGH,,domain,2,226 Bytes,358 Bytes,4.7 KB/Sec,10/14/2022 11:35:39 AM:355,10/14/2022 11:35:39 AM:409,00:00:00.054,,,,
267,UDP,192.168.43.124,192.168.43.1,60641,53,LAPTOP-54PG1OGH,,domain,2,178 Bytes,301 Bytes,2.8 KB/Sec,10/14/2022 11:35:39 AM:436,10/14/2022 11:35:39 AM:500,00:00:00.064,,,,
268,UDP,192.168.43.124,192.168.43.1,64350,53,LAPTOP-54PG1OGH,,domain,2,190 Bytes,313 Bytes,3.0 KB/Sec,10/14/2022 11:35:39 AM:437,10/14/2022 11:35:39 AM:500,00:00:00.063,,,,
269,UDP,192.168.43.124,192.168.43.1,64682,53,LAPTOP-54PG1OGH,,domain,2,250 Bytes,371 Bytes,3.1 KB/Sec,10/14/2022 11:35:42 AM:244,10/14/2022 11:35:42 AM:315,00:00:00.071,,,,
270,UDP,192.168.43.124,192.168.43.1,60593,53,LAPTOP-54PG1OGH,,domain,2,167 Bytes,305 Bytes,3.5 KB/Sec,10/14/2022 11:35:47 AM:950,10/14/2022 11:35:48 AM:007,00:00:00.057,,,,
271,UDP,192.168.43.124,192.168.43.1,61907,53,LAPTOP-54PG1OGH,,domain,2,179 Bytes,317 Bytes,1.9 KB/Sec,10/14/2022 11:35:47 AM:951,10/14/2022 11:35:48 AM:041,00:00:00.090,,,,
272,UDP,192.168.43.124,192.168.43.1,61908,137,LAPTOP-54PG1OGH,,netbios-ns,1,50 Bytes,156 Bytes,,10/14/2022 11:35:55 AM:968,10/14/2022 11:35:55 AM:968,00:00:00.000,,,,
273,ICMP,192.168.43.1,192.168.43.124,,,,LAPTOP-54PG1OGH,,2,201 Bytes,363 Bytes,0.0 KB/Sec,10/14/2022 11:35:56 AM:025,10/14/2022 11:36:31 AM:059,00:00:35.033,,,,
274,UDP,192.168.43.124,192.168.43.1,53519,53,LAPTOP-54PG1OGH,,domain,2,154 Bytes,287 Bytes,2.4 KB/Sec,10/14/2022 11:36:02 AM:772,10/14/2022 11:36:02 AM:828,00:00:00.055,,,,
275,UDP,192.168.43.124,192.168.43.1,53202,53,LAPTOP-54PG1OGH,,domain,2,166 Bytes,299 Bytes,0.3 KB/Sec,10/14/2022 11:36:02 AM:773,10/14/2022 11:36:03 AM:267,00:00:00.494,,,,
276,UDP,192.168.43.124,192.168.43.1,54463,53,LAPTOP-54PG1OGH,,domain,2,82 Bytes,199 Bytes,5.0 KB/Sec,10/14/2022 11:36:06 AM:508,10/14/2022 11:36:06 AM:511,00:00:00.003,,,,
277,UDP,192.168.43.124,192.168.43.1,60350,53,LAPTOP-54PG1OGH,,domain,2,94 Bytes,211 Bytes,1.5 KB/Sec,10/14/2022 11:36:06 AM:509,10/14/2022 11:36:06 AM:562,00:00:00.053,,,,
278,UDP,192.168.43.124,192.168.43.1,61843,53,LAPTOP-54PG1OGH,,domain,2,161 Bytes,293 Bytes,0.6 KB/Sec,10/14/2022 11:36:08 AM:545,10/14/2022 11:36:08 AM:800,00:00:00.255,,,,
279,UDP,192.168.43.124,192.168.43.1,56363,53,LAPTOP-54PG1OGH,,domain,2,173 Bytes,305 Bytes,0.6 KB/Sec,10/14/2022 11:36:08 AM:546,10/14/2022 11:36:08 AM:815,00:00:00.269,,,,
280,UDP,192.168.43.124,192.168.43.1,65382,53,LAPTOP-54PG1OGH,,domain,2,159 Bytes,289 Bytes,0.7 KB/Sec,10/14/2022 11:36:08 AM:830,10/14/2022 11:36:09 AM:052,00:00:00.222,,,,
281,UDP,192.168.43.124,192.168.43.1,53719,53,LAPTOP-54PG1OGH,,domain,2,147 Bytes,277 Bytes,0.7 KB/Sec,10/14/2022 11:36:08 AM:832,10/14/2022 11:36:09 AM:052,00:00:00.220,,,,
282,TCP,192.168.43.124,35.247.144.219,52600,443,LAPTOP-54PG1OGH,cfw.gti.mcafee.akadns.net,https,27,"5,971 Bytes","7,280 Bytes",0.0 KB/Sec,10/14/2022 11:36:09 AM:214,10/14/2022 11:38:45 AM:744,00:02:36.530,,,,
283,UDP,192.168.43.124,192.168.43.1,63436,53,LAPTOP-54PG1OGH,,domain,2,108 Bytes,230 Bytes,0.5 KB/Sec,10/14/2022 11:36:13 AM:952,10/14/2022 11:36:14 AM:158,00:00:00.206,,,,
284,UDP,192.168.43.124,192.168.43.1,53005,53,LAPTOP-54PG1OGH,,domain,2,105 Bytes,222 Bytes,0.5 KB/Sec,10/14/2022 11:36:13 AM:953,10/14/2022 11:36:14 AM:158,00:00:00.205,,,,
285,UDP,192.168.43.124,192.168.43.1,50674,53,LAPTOP-54PG1OGH,,domain,2,104 Bytes,226 Bytes,0.5 KB/Sec,10/14/2022 11:36:13 AM:953,10/14/2022 11:36:14 AM:159,00:00:00.206,,,,
286,UDP,192.168.43.124,192.168.43.1,57094,53,LAPTOP-54PG1OGH,,domain,2,117 Bytes,234 Bytes,0.6 KB/Sec,10/14/2022 11:36:13 AM:953,10/14/2022 11:36:14 AM:159,00:00:00.206,,,,
287,UDP,192.168.43.124,192.168.43.1,60414,53,LAPTOP-54PG1OGH,,domain,2,354 Bytes,487 Bytes,3.7 KB/Sec,10/14/2022 11:36:14 AM:396,10/14/2022 11:36:14 AM:479,00:00:00.082,,,,
288,UDP,192.168.43.124,192.168.43.1,58293,53,LAPTOP-54PG1OGH,,domain,2,210 Bytes,343 Bytes,2.2 KB/Sec,10/14/2022 11:36:14 AM:397,10/14/2022 11:36:14 AM:479,00:00:00.081,,,,
289,UDP,192.168.43.124,192.168.43.1,59232,53,LAPTOP-54PG1OGH,,domain,2,127 Bytes,244 Bytes,0.4 KB/Sec,10/14/2022 11:36:18 AM:421,10/14/2022 11:36:18 AM:737,00:00:00.316,,,,
290,UDP,192.168.43.124,192.168.43.1,59353,53,LAPTOP-54PG1OGH,,domain,2,80 Bytes,196 Bytes,0.3 KB/Sec,10/14/2022 11:36:18 AM:422,10/14/2022 11:36:18 AM:734,00:00:00.312,,,,
291,UDP,192.168.43.124,192.168.43.1,51044,53,LAPTOP-54PG1OGH,,domain,2,139 Bytes,256 Bytes,0.4 KB/Sec,10/14/2022 11:36:18 AM:422,10/14/2022 11:36:18 AM:739,00:00:00.317,,,,
292,UDP,192.168.43.124,192.168.43.1,57418,53,LAPTOP-54PG1OGH,,domain,2,157 Bytes,273 Bytes,0.5 KB/Sec,10/14/2022 11:36:18 AM:423,10/14/2022 11:36:18 AM:734,00:00:00.311,,,,
293,UDP,192.168.43.124,192.168.43.1,57399,53,LAPTOP-54PG1OGH,,domain,2,92 Bytes,208 Bytes,0.3 KB/Sec,10/14/2022 11:36:18 AM:423,10/14/2022 11:36:18 AM:739,00:00:00.316,,,,
294,UDP,192.168.43.124,192.168.43.1,50622,53,LAPTOP-54PG1OGH,,domain,2,205 Bytes,321 Bytes,0.6 KB/Sec,10/14/2022 11:36:18 AM:423,10/14/2022 11:36:18 AM:737,00:00:00.314,,,,
295,UDP,192.168.43.124,192.168.43.1,64282,53,LAPTOP-54PG1OGH,,domain,2,122 Bytes,235 Bytes,1.1 KB/Sec,10/14/2022 11:36:18 AM:741,10/14/2022 11:36:18 AM:840,00:00:00.099,,,,
296,UDP,192.168.43.124,192.168.43.1,57657,53,LAPTOP-54PG1OGH,,domain,2,112 Bytes,228 Bytes,1.0 KB/Sec,10/14/2022 11:36:18 AM:741,10/14/2022 11:36:18 AM:839,00:00:00.098,,,,
297,UDP,192.168.43.124,192.168.43.1,57226,53,LAPTOP-54PG1OGH,,domain,2,118 Bytes,237 Bytes,1.0 KB/Sec,10/14/2022 11:36:18 AM:743,10/14/2022 11:36:18 AM:839,00:00:00.096,,,,
298,UDP,192.168.43.124,192.168.43.1,55947,53,LAPTOP-54PG1OGH,,domain,2,170 Bytes,283 Bytes,1.5 KB/Sec,10/14/2022 11:36:18 AM:743,10/14/2022 11:36:18 AM:840,00:00:00.097,,,,
299,UDP,192.168.43.124,192.168.43.1,57678,53,LAPTOP-54PG1OGH,,domain,2,98 Bytes,217 Bytes,0.9 KB/Sec,10/14/2022 11:36:18 AM:744,10/14/2022 11:36:18 AM:840,00:00:00.095,,,,
300,UDP,192.168.43.124,192.168.43.1,56550,53,LAPTOP-54PG1OGH,,domain,2,92 Bytes,208 Bytes,1.0 KB/Sec,10/14/2022 11:36:18 AM:744,10/14/2022 11:36:18 AM:841,00:00:00.096,,,,
301,UDP,192.168.43.124,192.168.43.1,59840,1900,LAPTOP-54PG1OGH,,ssdp,1,95 Bytes,246 Bytes,,10/14/2022 11:36:31 AM:032,10/14/2022 11:36:31 AM:032,00:00:00.000,,,,
302,UDP,192.168.43.124,192.168.43.1,54265,53,LAPTOP-54PG1OGH,,domain,2,137 Bytes,259 Bytes,0.9 KB/Sec,10/14/2022 11:36:38 AM:831,10/14/2022 11:36:38 AM:981,00:00:00.149,,,,
303,UDP,192.168.43.124,192.168.43.1,58538,53,LAPTOP-54PG1OGH,,domain,2,149 Bytes,271 Bytes,0.9 KB/Sec,10/14/2022 11:36:38 AM:833,10/14/2022 11:36:38 AM:981,00:00:00.147,,,,
304,UDP,192.168.43.124,192.168.43.1,58539,5353,LAPTOP-54PG1OGH,,,1,112 Bytes,280 Bytes,,10/14/2022 11:36:41 AM:074,10/14/2022 11:36:41 AM:074,00:00:00.000,,,,
305,UDP,192.168.43.124,192.168.43.1,64920,53,LAPTOP-54PG1OGH,,domain,2,133 Bytes,254 Bytes,1.4 KB/Sec,10/14/2022 11:37:06 AM:680,10/14/2022 11:37:06 AM:770,00:00:00.090,,,,
306,UDP,192.168.43.124,192.168.43.1,51787,53,LAPTOP-54PG1OGH,,domain,2,145 Bytes,266 Bytes,2.3 KB/Sec,10/14/2022 11:37:06 AM:685,10/14/2022 11:37:06 AM:758,00:00:00.072,,,,
307,UDP,192.168.43.124,192.168.43.1,58053,53,LAPTOP-54PG1OGH,,domain,2,120 Bytes,238 Bytes,0.9 KB/Sec,10/14/2022 11:37:06 AM:969,10/14/2022 11:37:07 AM:092,00:00:00.123,,,,
308,UDP,192.168.43.124,192.168.43.1,54127,53,LAPTOP-54PG1OGH,,domain,2,126 Bytes,247 Bytes,1.0 KB/Sec,10/14/2022 11:37:06 AM:969,10/14/2022 11:37:07 AM:091,00:00:00.122,,,,
309,UDP,192.168.43.124,192.168.43.1,51990,53,LAPTOP-54PG1OGH,,domain,2,92 Bytes,214 Bytes,0.7 KB/Sec,10/14/2022 11:37:06 AM:970,10/14/2022 11:37:07 AM:092,00:00:00.122,,,,
310,UDP,192.168.43.124,192.168.43.1,65442,53,LAPTOP-54PG1OGH,,domain,2,138 Bytes,259 Bytes,0.6 KB/Sec,10/14/2022 11:37:06 AM:970,10/14/2022 11:37:07 AM:192,00:00:00.221,,,,
311,UDP,192.168.43.124,192.168.43.1,61388,53,LAPTOP-54PG1OGH,,domain,2,132 Bytes,250 Bytes,0.6 KB/Sec,10/14/2022 11:37:06 AM:971,10/14/2022 11:37:07 AM:206,00:00:00.234,,,,
312,UDP,192.168.43.124,192.168.43.1,60387,53,LAPTOP-54PG1OGH,,domain,2,104 Bytes,226 Bytes,0.8 KB/Sec,10/14/2022 11:37:06 AM:971,10/14/2022 11:37:07 AM:091,00:00:00.120,,,,
313,UDP,192.168.43.124,192.168.43.1,64937,53,LAPTOP-54PG1OGH,,domain,2,86 Bytes,205 Bytes,5.6 KB/Sec,10/14/2022 11:37:07 AM:093,10/14/2022 11:37:07 AM:113,00:00:00.020,,,,
314,UDP,192.168.43.124,192.168.43.1,61255,53,LAPTOP-54PG1OGH,,domain,2,98 Bytes,217 Bytes,6.4 KB/Sec,10/14/2022 11:37:07 AM:093,10/14/2022 11:37:07 AM:117,00:00:00.023,,,,
315,UDP,192.168.43.124,192.168.43.1,64028,53,LAPTOP-54PG1OGH,,domain,2,100 Bytes,226 Bytes,0.7 KB/Sec,10/14/2022 11:37:08 AM:035,10/14/2022 11:37:08 AM:181,00:00:00.145,,,,
316,UDP,192.168.43.124,192.168.43.1,51592,53,LAPTOP-54PG1OGH,,domain,2,112 Bytes,238 Bytes,0.8 KB/Sec,10/14/2022 11:37:08 AM:036,10/14/2022 11:37:08 AM:181,00:00:00.144,,,,
317,UDP,192.168.43.124,192.168.43.1,59306,53,LAPTOP-54PG1OGH,,domain,2,134 Bytes,253 Bytes,0.9 KB/Sec,10/14/2022 11:37:08 AM:139,10/14/2022 11:37:08 AM:286,00:00:00.146,,,,
318,UDP,192.168.43.124,192.168.43.1,50707,53,LAPTOP-54PG1OGH,,domain,2,294 Bytes,413 Bytes,2.1 KB/Sec,10/14/2022 11:37:08 AM:139,10/14/2022 11:37:08 AM:286,00:00:00.146,,,,
319,UDP,192.168.43.124,192.168.43.1,58730,53,LAPTOP-54PG1OGH,,domain,2,178 Bytes,335 Bytes,1.6 KB/Sec,10/14/2022 11:37:08 AM:212,10/14/2022 11:37:08 AM:313,00:00:00.101,,,,
320,UDP,192.168.43.124,192.168.43.1,51186,53,LAPTOP-54PG1OGH,,domain,2,174 Bytes,331 Bytes,1.8 KB/Sec,10/14/2022 11:37:08 AM:213,10/14/2022 11:37:08 AM:314,00:00:00.101,,,,
321,UDP,192.168.43.124,192.168.43.1,59141,53,LAPTOP-54PG1OGH,,domain,2,86 Bytes,205 Bytes,1.8 KB/Sec,10/14/2022 11:37:08 AM:988,10/14/2022 11:37:09 AM:034,00:00:00.046,,,,
322,UDP,192.168.43.124,192.168.43.1,55008,53,LAPTOP-54PG1OGH,,domain,2,98 Bytes,217 Bytes,0.4 KB/Sec,10/14/2022 11:37:08 AM:989,10/14/2022 11:37:09 AM:216,00:00:00.226,,,,
323,UDP,192.168.43.124,192.168.43.1,49188,53,LAPTOP-54PG1OGH,,domain,2,200 Bytes,320 Bytes,13.0 KB/Sec,10/14/2022 11:37:09 AM:386,10/14/2022 11:37:09 AM:411,00:00:00.024,,,,
324,UDP,192.168.43.124,192.168.43.1,51423,53,LAPTOP-54PG1OGH,,domain,2,296 Bytes,416 Bytes,6.2 KB/Sec,10/14/2022 11:37:09 AM:387,10/14/2022 11:37:09 AM:429,00:00:00.041,,,,
325,UDP,192.168.43.124,192.168.43.1,51570,53,LAPTOP-54PG1OGH,,domain,2,183 Bytes,305 Bytes,1.1 KB/Sec,10/14/2022 11:37:09 AM:488,10/14/2022 11:37:09 AM:647,00:00:00.158,,,,
326,UDP,192.168.43.124,192.168.43.1,52209,53,LAPTOP-54PG1OGH,,domain,2,343 Bytes,465 Bytes,2.1 KB/Sec,10/14/2022 11:37:09 AM:489,10/14/2022 11:37:09 AM:647,00:00:00.157,,,,
327,UDP,192.168.43.124,192.168.43.1,52588,53,LAPTOP-54PG1OGH,,domain,2,180 Bytes,302 Bytes,3.7 KB/Sec,10/14/2022 11:37:09 AM:982,10/14/2022 11:37:10 AM:032,00:00:00.050,,,,
328,UDP,192.168.43.124,192.168.43.1,58068,53,LAPTOP-54PG1OGH,,domain,4,322 Bytes,500 Bytes,0.0 KB/Sec,10/14/2022 11:37:09 AM:983,10/14/2022 11:39:12 AM:387,00:02:02.403,,,,
329,UDP,192.168.43.124,192.168.43.1,55915,53,LAPTOP-54PG1OGH,,domain,2,146 Bytes,271 Bytes,2.3 KB/Sec,10/14/2022 11:37:10 AM:038,10/14/2022 11:37:10 AM:089,00:00:00.050,,,,
330,UDP,192.168.43.124,192.168.43.1,56678,53,LAPTOP-54PG1OGH,,domain,2,194 Bytes,319 Bytes,3.0 KB/Sec,10/14/2022 11:37:10 AM:039,10/14/2022 11:37:10 AM:088,00:00:00.048,,,,
331,UDP,192.168.43.124,192.168.43.1,57133,53,LAPTOP-54PG1OGH,,domain,2,80 Bytes,196 Bytes,,10/14/2022 11:37:18 AM:918,10/14/2022 11:37:18 AM:921,00:00:00.002,,,,
332,UDP,192.168.43.124,192.168.43.1,50080,53,LAPTOP-54PG1OGH,,domain,2,92 Bytes,208 Bytes,0.4 KB/Sec,10/14/2022 11:37:18 AM:918,10/14/2022 11:37:19 AM:151,00:00:00.232,,,,
333,UDP,192.168.43.124,192.168.43.1,52353,53,LAPTOP-54PG1OGH,,domain,2,72 Bytes,184 Bytes,1.5 KB/Sec,10/14/2022 11:37:19 AM:626,10/14/2022 11:37:19 AM:670,00:00:00.043,,,,
334,UDP,192.168.43.124,192.168.43.1,50672,53,LAPTOP-54PG1OGH,,domain,3,112 Bytes,252 Bytes,0.4 KB/Sec,10/14/2022 11:37:19 AM:627,10/14/2022 11:37:19 AM:892,00:00:00.265,,,,
335,UDP,192.168.43.124,192.168.43.1,60770,53,LAPTOP-54PG1OGH,,domain,2,192 Bytes,312 Bytes,0.9 KB/Sec,10/14/2022 11:37:19 AM:688,10/14/2022 11:37:19 AM:893,00:00:00.205,,,,
336,UDP,192.168.43.124,192.168.43.1,60057,53,LAPTOP-54PG1OGH,,domain,2,208 Bytes,328 Bytes,0.9 KB/Sec,10/14/2022 11:37:19 AM:688,10/14/2022 11:37:19 AM:909,00:00:00.221,,,,
337,UDP,192.168.43.124,192.168.43.1,54457,53,LAPTOP-54PG1OGH,,domain,2,99 Bytes,214 Bytes,3.1 KB/Sec,10/14/2022 11:37:20 AM:324,10/14/2022 11:37:20 AM:367,00:00:00.043,,,,
338,UDP,192.168.43.124,192.168.43.1,53302,53,LAPTOP-54PG1OGH,,domain,2,111 Bytes,226 Bytes,2.3 KB/Sec,10/14/2022 11:37:20 AM:325,10/14/2022 11:37:20 AM:376,00:00:00.050,,,,
339,UDP,192.168.43.124,192.168.43.1,55297,53,LAPTOP-54PG1OGH,,domain,2,92 Bytes,214 Bytes,1.2 KB/Sec,10/14/2022 11:37:20 AM:781,10/14/2022 11:37:20 AM:857,00:00:00.076,,,,
340,UDP,192.168.43.124,192.168.43.1,52081,53,LAPTOP-54PG1OGH,,domain,2,104 Bytes,226 Bytes,1.3 KB/Sec,10/14/2022 11:37:20 AM:781,10/14/2022 11:37:20 AM:859,00:00:00.077,,,,
341,UDP,192.168.43.124,192.168.43.1,59689,53,LAPTOP-54PG1OGH,,domain,2,101 Bytes,217 Bytes,1.2 KB/Sec,10/14/2022 11:37:24 AM:367,10/14/2022 11:37:24 AM:440,00:00:00.073,,,,
342,UDP,192.168.43.124,192.168.43.1,61061,53,LAPTOP-54PG1OGH,,domain,2,113 Bytes,229 Bytes,1.4 KB/Sec,10/14/2022 11:37:24 AM:368,10/14/2022 11:37:24 AM:440,00:00:00.072,,,,
343,UDP,192.168.43.124,192.168.43.1,49717,53,LAPTOP-54PG1OGH,,domain,2,82 Bytes,199 Bytes,2.5 KB/Sec,10/14/2022 11:37:24 AM:657,10/14/2022 11:37:24 AM:695,00:00:00.038,,,,
344,UDP,192.168.43.124,192.168.43.1,52878,53,LAPTOP-54PG1OGH,,domain,2,94 Bytes,211 Bytes,2.9 KB/Sec,10/14/2022 11:37:24 AM:660,10/14/2022 11:37:24 AM:695,00:00:00.035,,,,
345,UDP,192.168.43.124,192.168.43.1,58227,53,LAPTOP-54PG1OGH,,domain,2,104 Bytes,232 Bytes,2.2 KB/Sec,10/14/2022 11:37:26 AM:502,10/14/2022 11:37:26 AM:548,00:00:00.045,,,,
346,UDP,192.168.43.124,192.168.43.1,59600,53,LAPTOP-54PG1OGH,,domain,2,116 Bytes,244 Bytes,2.4 KB/Sec,10/14/2022 11:37:26 AM:503,10/14/2022 11:37:26 AM:556,00:00:00.052,,,,
347,UDP,192.168.43.124,192.168.43.1,55455,53,LAPTOP-54PG1OGH,,domain,2,154 Bytes,287 Bytes,0.8 KB/Sec,10/14/2022 11:37:36 AM:685,10/14/2022 11:37:36 AM:883,00:00:00.197,,,,
348,UDP,192.168.43.124,192.168.43.1,62956,53,LAPTOP-54PG1OGH,,domain,2,166 Bytes,299 Bytes,0.7 KB/Sec,10/14/2022 11:37:36 AM:690,10/14/2022 11:37:36 AM:905,00:00:00.215,,,,
349,UDP,192.168.43.124,239.255.255.250,62958,1900,LAPTOP-54PG1OGH,,ssdp,8,"1,400 Bytes","1,827 Bytes",0.5 KB/Sec,10/14/2022 11:37:36 AM:909,10/14/2022 11:37:39 AM:918,00:00:03.008,,,,
350,UDP,192.168.43.124,239.255.255.250,62960,1900,LAPTOP-54PG1OGH,,ssdp,8,"1,400 Bytes","1,827 Bytes",0.5 KB/Sec,10/14/2022 11:37:36 AM:914,10/14/2022 11:37:39 AM:936,00:00:03.022,,,,
351,UDP,192.168.43.124,192.168.43.1,56476,53,LAPTOP-54PG1OGH,,domain,2,106 Bytes,235 Bytes,2.2 KB/Sec,10/14/2022 11:37:40 AM:047,10/14/2022 11:37:40 AM:094,00:00:00.046,,,,
352,UDP,192.168.43.124,192.168.43.1,55487,53,LAPTOP-54PG1OGH,,domain,2,118 Bytes,247 Bytes,2.5 KB/Sec,10/14/2022 11:37:40 AM:049,10/14/2022 11:37:40 AM:093,00:00:00.043,,,,
353,UDP,192.168.43.124,192.168.43.1,58961,53,LAPTOP-54PG1OGH,,domain,4,200 Bytes,382 Bytes,0.7 KB/Sec,10/14/2022 11:37:40 AM:059,10/14/2022 11:37:40 AM:364,00:00:00.304,,,,
354,UDP,192.168.43.124,192.168.43.1,57624,53,LAPTOP-54PG1OGH,,domain,4,224 Bytes,406 Bytes,0.7 KB/Sec,10/14/2022 11:37:40 AM:060,10/14/2022 11:37:40 AM:364,00:00:00.303,,,,
355,UDP,192.168.43.231,224.0.0.251,5353,5353,,,,19,"2,090 Bytes","2,760 Bytes",0.0 KB/Sec,10/14/2022 11:37:43 AM:315,10/14/2022 11:41:17 AM:536,00:03:34.221,,,,
356,UDP,192.168.43.124,192.168.43.1,60490,53,LAPTOP-54PG1OGH,,domain,2,104 Bytes,232 Bytes,0.6 KB/Sec,10/14/2022 11:38:17 AM:781,10/14/2022 11:38:17 AM:943,00:00:00.161,,,,
357,UDP,192.168.43.124,192.168.43.1,54971,53,LAPTOP-54PG1OGH,,domain,2,116 Bytes,244 Bytes,0.7 KB/Sec,10/14/2022 11:38:17 AM:782,10/14/2022 11:38:17 AM:942,00:00:00.160,,,,
358,UDP,192.168.43.124,192.168.43.1,57560,53,LAPTOP-54PG1OGH,,domain,3,131 Bytes,276 Bytes,0.3 KB/Sec,10/14/2022 11:38:17 AM:821,10/14/2022 11:38:18 AM:277,00:00:00.456,,,,
359,UDP,192.168.43.124,192.168.43.1,64235,53,LAPTOP-54PG1OGH,,domain,3,127 Bytes,272 Bytes,0.3 KB/Sec,10/14/2022 11:38:17 AM:822,10/14/2022 11:38:18 AM:277,00:00:00.455,,,,
360,UDP,192.168.43.124,192.168.43.1,61929,53,LAPTOP-54PG1OGH,,domain,2,179 Bytes,299 Bytes,2.2 KB/Sec,10/14/2022 11:38:20 AM:138,10/14/2022 11:38:20 AM:216,00:00:00.077,,,,
361,UDP,192.168.43.124,192.168.43.1,63131,53,LAPTOP-54PG1OGH,,domain,4,200 Bytes,374 Bytes,0.6 KB/Sec,10/14/2022 11:38:20 AM:138,10/14/2022 11:38:20 AM:451,00:00:00.312,,,,
362,UDP,192.168.43.124,192.168.43.1,64635,53,LAPTOP-54PG1OGH,,domain,3,158 Bytes,304 Bytes,0.2 KB/Sec,10/14/2022 11:38:20 AM:140,10/14/2022 11:38:20 AM:883,00:00:00.743,,,,
363,UDP,192.168.43.124,192.168.43.1,59836,53,LAPTOP-54PG1OGH,,domain,2,227 Bytes,347 Bytes,2.8 KB/Sec,10/14/2022 11:38:20 AM:140,10/14/2022 11:38:20 AM:219,00:00:00.079,,,,
364,UDP,192.168.43.124,192.168.43.1,56396,53,LAPTOP-54PG1OGH,,domain,2,172 Bytes,309 Bytes,1.8 KB/Sec,10/14/2022 11:38:22 AM:339,10/14/2022 11:38:22 AM:433,00:00:00.094,,,,
365,UDP,192.168.43.124,192.168.43.1,59576,53,LAPTOP-54PG1OGH,,domain,2,184 Bytes,321 Bytes,1.9 KB/Sec,10/14/2022 11:38:22 AM:341,10/14/2022 11:38:22 AM:440,00:00:00.099,,,,
366,UDP,192.168.43.124,192.168.43.1,60654,53,LAPTOP-54PG1OGH,,domain,2,102 Bytes,221 Bytes,0.5 KB/Sec,10/14/2022 11:38:34 AM:232,10/14/2022 11:38:34 AM:451,00:00:00.218,,,,
367,UDP,192.168.43.124,192.168.43.1,60557,53,LAPTOP-54PG1OGH,,domain,2,98 Bytes,217 Bytes,0.6 KB/Sec,10/14/2022 11:38:34 AM:233,10/14/2022 11:38:34 AM:405,00:00:00.171,,,,
368,UDP,192.168.43.124,192.168.43.1,63156,53,LAPTOP-54PG1OGH,,domain,2,152 Bytes,271 Bytes,1.9 KB/Sec,10/14/2022 11:38:36 AM:114,10/14/2022 11:38:36 AM:185,00:00:00.071,,,,
369,UDP,192.168.43.124,192.168.43.1,63651,53,LAPTOP-54PG1OGH,,domain,2,148 Bytes,267 Bytes,1.2 KB/Sec,10/14/2022 11:38:36 AM:116,10/14/2022 11:38:36 AM:230,00:00:00.113,,,,
370,UDP,192.168.43.124,192.168.43.1,63544,53,LAPTOP-54PG1OGH,,domain,4,148 Bytes,317 Bytes,0.4 KB/Sec,10/14/2022 11:38:50 AM:041,10/14/2022 11:38:50 AM:381,00:00:00.340,,,,
371,UDP,192.168.43.124,192.168.43.1,58362,53,LAPTOP-54PG1OGH,,domain,4,172 Bytes,341 Bytes,0.5 KB/Sec,10/14/2022 11:38:50 AM:041,10/14/2022 11:38:50 AM:381,00:00:00.340,,,,
372,UDP,192.168.43.124,192.168.43.1,54083,53,LAPTOP-54PG1OGH,,domain,2,82 Bytes,199 Bytes,0.6 KB/Sec,10/14/2022 11:39:07 AM:026,10/14/2022 11:39:07 AM:170,00:00:00.143,,,,
373,UDP,192.168.43.124,192.168.43.1,51941,53,LAPTOP-54PG1OGH,,domain,2,82 Bytes,199 Bytes,1.7 KB/Sec,10/14/2022 11:39:12 AM:475,10/14/2022 11:39:12 AM:517,00:00:00.041,,,,
374,UDP,192.168.43.124,192.168.43.1,58736,53,LAPTOP-54PG1OGH,,domain,2,282 Bytes,411 Bytes,1.8 KB/Sec,10/14/2022 11:39:14 AM:678,10/14/2022 11:39:14 AM:837,00:00:00.158,,,,
375,UDP,192.168.43.124,192.168.43.1,64375,53,LAPTOP-54PG1OGH,,domain,2,306 Bytes,435 Bytes,1.6 KB/Sec,10/14/2022 11:39:14 AM:679,10/14/2022 11:39:14 AM:854,00:00:00.174,,,,
376,UDP,192.168.43.124,192.168.43.1,58886,53,LAPTOP-54PG1OGH,,domain,2,215 Bytes,345 Bytes,4.5 KB/Sec,10/14/2022 11:39:16 AM:109,10/14/2022 11:39:16 AM:155,00:00:00.046,,,,
377,UDP,192.168.43.124,192.168.43.1,49513,53,LAPTOP-54PG1OGH,,domain,2,263 Bytes,393 Bytes,3.3 KB/Sec,10/14/2022 11:39:16 AM:110,10/14/2022 11:39:16 AM:185,00:00:00.074,,,,
378,UDP,192.168.43.124,192.168.43.1,62411,53,LAPTOP-54PG1OGH,,domain,2,108 Bytes,230 Bytes,0.7 KB/Sec,10/14/2022 11:39:16 AM:883,10/14/2022 11:39:17 AM:019,00:00:00.136,,,,
379,UDP,192.168.43.124,192.168.43.1,50533,53,LAPTOP-54PG1OGH,,domain,2,178 Bytes,318 Bytes,1.4 KB/Sec,10/14/2022 11:39:16 AM:883,10/14/2022 11:39:17 AM:001,00:00:00.118,,,,
380,UDP,192.168.43.124,192.168.43.1,58738,53,LAPTOP-54PG1OGH,,domain,2,158 Bytes,289 Bytes,1.1 KB/Sec,10/14/2022 11:39:16 AM:883,10/14/2022 11:39:17 AM:020,00:00:00.137,,,,
381,UDP,192.168.43.124,192.168.43.1,54960,53,LAPTOP-54PG1OGH,,domain,2,104 Bytes,226 Bytes,0.7 KB/Sec,10/14/2022 11:39:16 AM:884,10/14/2022 11:39:17 AM:019,00:00:00.135,,,,
382,UDP,192.168.43.124,192.168.43.1,63541,53,LAPTOP-54PG1OGH,,domain,2,190 Bytes,330 Bytes,1.3 KB/Sec,10/14/2022 11:39:16 AM:884,10/14/2022 11:39:17 AM:021,00:00:00.136,,,,
383,UDP,192.168.43.124,192.168.43.1,60863,53,LAPTOP-54PG1OGH,,domain,2,206 Bytes,337 Bytes,1.4 KB/Sec,10/14/2022 11:39:16 AM:884,10/14/2022 11:39:17 AM:022,00:00:00.137,,,,
384,UDP,192.168.43.124,192.168.43.1,55769,53,LAPTOP-54PG1OGH,,domain,2,158 Bytes,289 Bytes,0.7 KB/Sec,10/14/2022 11:39:17 AM:174,10/14/2022 11:39:17 AM:394,00:00:00.220,,,,
385,UDP,192.168.43.124,192.168.43.1,60186,53,LAPTOP-54PG1OGH,,domain,2,318 Bytes,449 Bytes,1.4 KB/Sec,10/14/2022 11:39:17 AM:175,10/14/2022 11:39:17 AM:394,00:00:00.218,,,,
386,UDP,192.168.43.124,192.168.43.1,56804,53,LAPTOP-54PG1OGH,,domain,2,90 Bytes,211 Bytes,1.9 KB/Sec,10/14/2022 11:39:17 AM:409,10/14/2022 11:39:17 AM:455,00:00:00.046,,,,
387,UDP,192.168.43.124,192.168.43.1,49808,53,LAPTOP-54PG1OGH,,domain,2,102 Bytes,223 Bytes,2.1 KB/Sec,10/14/2022 11:39:17 AM:411,10/14/2022 11:39:17 AM:456,00:00:00.045,,,,
388,UDP,192.168.43.124,192.168.43.1,51439,53,LAPTOP-54PG1OGH,,domain,2,158 Bytes,289 Bytes,2.5 KB/Sec,10/14/2022 11:39:17 AM:760,10/14/2022 11:39:17 AM:834,00:00:00.074,,,,
389,UDP,192.168.43.124,192.168.43.1,53235,53,LAPTOP-54PG1OGH,,domain,2,318 Bytes,449 Bytes,6.6 KB/Sec,10/14/2022 11:39:17 AM:761,10/14/2022 11:39:17 AM:821,00:00:00.059,,,,
390,UDP,192.168.43.124,192.168.43.1,55298,53,LAPTOP-54PG1OGH,,domain,3,142 Bytes,292 Bytes,0.3 KB/Sec,10/14/2022 11:39:18 AM:391,10/14/2022 11:39:18 AM:854,00:00:00.463,,,,
391,UDP,192.168.43.124,192.168.43.1,52092,53,LAPTOP-54PG1OGH,,domain,3,229 Bytes,382 Bytes,0.8 KB/Sec,10/14/2022 11:39:18 AM:865,10/14/2022 11:39:19 AM:125,00:00:00.259,,,,
392,UDP,192.168.43.124,192.168.43.1,52426,53,LAPTOP-54PG1OGH,,domain,3,277 Bytes,430 Bytes,1.0 KB/Sec,10/14/2022 11:39:18 AM:866,10/14/2022 11:39:19 AM:125,00:00:00.258,,,,
393,UDP,192.168.43.124,192.168.43.1,56416,53,LAPTOP-54PG1OGH,,domain,2,158 Bytes,289 Bytes,1.6 KB/Sec,10/14/2022 11:39:19 AM:699,10/14/2022 11:39:19 AM:794,00:00:00.094,,,,
394,UDP,192.168.43.124,192.168.43.1,64876,53,LAPTOP-54PG1OGH,,domain,2,318 Bytes,449 Bytes,3.3 KB/Sec,10/14/2022 11:39:19 AM:702,10/14/2022 11:39:19 AM:794,00:00:00.091,,,,
395,UDP,192.168.43.124,192.168.43.1,57246,53,LAPTOP-54PG1OGH,,domain,2,154 Bytes,274 Bytes,4.9 KB/Sec,10/14/2022 11:39:21 AM:076,10/14/2022 11:39:21 AM:114,00:00:00.038,,,,
396,UDP,192.168.43.124,192.168.43.1,59513,53,LAPTOP-54PG1OGH,,domain,2,166 Bytes,286 Bytes,3.4 KB/Sec,10/14/2022 11:39:21 AM:078,10/14/2022 11:39:21 AM:134,00:00:00.056,,,,
397,UDP,192.168.43.124,192.168.43.1,62659,53,LAPTOP-54PG1OGH,,domain,3,228 Bytes,394 Bytes,0.8 KB/Sec,10/14/2022 11:39:22 AM:225,10/14/2022 11:39:22 AM:499,00:00:00.274,,,,
398,UDP,192.168.43.124,192.168.43.1,60247,53,LAPTOP-54PG1OGH,,domain,3,240 Bytes,406 Bytes,0.8 KB/Sec,10/14/2022 11:39:22 AM:228,10/14/2022 11:39:22 AM:499,00:00:00.271,,,,
399,UDP,192.168.43.124,192.168.43.1,51312,53,LAPTOP-54PG1OGH,,domain,2,100 Bytes,226 Bytes,1.0 KB/Sec,10/14/2022 11:39:22 AM:657,10/14/2022 11:39:22 AM:747,00:00:00.090,,,,
400,UDP,192.168.43.124,192.168.43.1,55599,53,LAPTOP-54PG1OGH,,domain,2,112 Bytes,238 Bytes,1.2 KB/Sec,10/14/2022 11:39:22 AM:658,10/14/2022 11:39:22 AM:748,00:00:00.090,,,,
401,UDP,192.168.43.124,192.168.43.1,58624,53,LAPTOP-54PG1OGH,,domain,2,156 Bytes,272 Bytes,1.0 KB/Sec,10/14/2022 11:39:22 AM:747,10/14/2022 11:39:22 AM:911,00:00:00.164,,,,
402,UDP,192.168.43.124,192.168.43.1,61981,53,LAPTOP-54PG1OGH,,domain,2,168 Bytes,284 Bytes,0.9 KB/Sec,10/14/2022 11:39:22 AM:748,10/14/2022 11:39:22 AM:933,00:00:00.184,,,,
403,UDP,192.168.43.124,192.168.43.1,63129,53,LAPTOP-54PG1OGH,,domain,2,248 Bytes,376 Bytes,1.2 KB/Sec,10/14/2022 11:39:22 AM:748,10/14/2022 11:39:22 AM:949,00:00:00.200,,,,
404,UDP,192.168.43.124,192.168.43.1,55354,53,LAPTOP-54PG1OGH,,domain,2,272 Bytes,400 Bytes,1.1 KB/Sec,10/14/2022 11:39:22 AM:749,10/14/2022 11:39:22 AM:996,00:00:00.247,,,,
405,UDP,192.168.43.124,192.168.43.1,62334,53,LAPTOP-54PG1OGH,,domain,3,208 Bytes,366 Bytes,0.2 KB/Sec,10/14/2022 11:39:23 AM:465,10/14/2022 11:39:24 AM:694,00:00:01.228,,,,
406,UDP,192.168.43.124,192.168.43.1,56698,53,LAPTOP-54PG1OGH,,domain,3,220 Bytes,378 Bytes,0.2 KB/Sec,10/14/2022 11:39:23 AM:466,10/14/2022 11:39:24 AM:696,00:00:01.229,,,,
407,UDP,192.168.43.124,192.168.43.1,58410,53,LAPTOP-54PG1OGH,,domain,3,161 Bytes,299 Bytes,0.1 KB/Sec,10/14/2022 11:39:25 AM:010,10/14/2022 11:39:26 AM:157,00:00:01.146,,,,
408,UDP,192.168.43.124,192.168.43.1,56892,53,LAPTOP-54PG1OGH,,domain,3,173 Bytes,311 Bytes,0.1 KB/Sec,10/14/2022 11:39:25 AM:010,10/14/2022 11:39:26 AM:159,00:00:01.148,,,,
409,UDP,192.168.43.124,192.168.43.1,51770,53,LAPTOP-54PG1OGH,,domain,3,176 Bytes,317 Bytes,0.2 KB/Sec,10/14/2022 11:39:28 AM:427,10/14/2022 11:39:29 AM:187,00:00:00.760,,,,
410,UDP,192.168.43.124,192.168.43.1,64740,53,LAPTOP-54PG1OGH,,domain,3,216 Bytes,357 Bytes,0.3 KB/Sec,10/14/2022 11:39:28 AM:428,10/14/2022 11:39:29 AM:189,00:00:00.761,,,,
411,UDP,192.168.43.124,192.168.43.1,50868,53,LAPTOP-54PG1OGH,,domain,3,161 Bytes,299 Bytes,0.2 KB/Sec,10/14/2022 11:39:28 AM:434,10/14/2022 11:39:29 AM:187,00:00:00.753,,,,
412,UDP,192.168.43.124,192.168.43.1,60184,53,LAPTOP-54PG1OGH,,domain,3,173 Bytes,311 Bytes,0.2 KB/Sec,10/14/2022 11:39:28 AM:435,10/14/2022 11:39:29 AM:188,00:00:00.753,,,,
413,UDP,192.168.43.124,192.168.43.1,65076,53,LAPTOP-54PG1OGH,,domain,3,140 Bytes,288 Bytes,0.2 KB/Sec,10/14/2022 11:39:28 AM:585,10/14/2022 11:39:29 AM:187,00:00:00.602,,,,
414,UDP,192.168.43.124,192.168.43.1,64706,53,LAPTOP-54PG1OGH,,domain,3,164 Bytes,312 Bytes,0.3 KB/Sec,10/14/2022 11:39:28 AM:587,10/14/2022 11:39:29 AM:188,00:00:00.601,,,,
415,TCP,192.168.43.124,54.250.206.182,52838,443,LAPTOP-54PG1OGH,epsilon.6sense.com,https,20,"6,406 Bytes","7,775 Bytes",0.1 KB/Sec,10/14/2022 11:39:32 AM:741,10/14/2022 11:40:33 AM:910,00:01:01.169,,,,
416,UDP,192.168.43.124,192.168.43.1,61733,53,LAPTOP-54PG1OGH,,domain,2,146 Bytes,271 Bytes,3.0 KB/Sec,10/14/2022 11:39:34 AM:346,10/14/2022 11:39:34 AM:389,00:00:00.042,,,,
417,UDP,192.168.43.124,192.168.43.1,51405,53,LAPTOP-54PG1OGH,,domain,2,168 Bytes,290 Bytes,5.3 KB/Sec,10/14/2022 11:39:34 AM:346,10/14/2022 11:39:34 AM:382,00:00:00.035,,,,
418,UDP,192.168.43.124,192.168.43.1,57968,53,LAPTOP-54PG1OGH,,domain,2,84 Bytes,202 Bytes,1.7 KB/Sec,10/14/2022 11:39:34 AM:346,10/14/2022 11:39:34 AM:393,00:00:00.047,,,,
419,UDP,192.168.43.124,192.168.43.1,62596,53,LAPTOP-54PG1OGH,,domain,2,104 Bytes,226 Bytes,2.2 KB/Sec,10/14/2022 11:39:34 AM:346,10/14/2022 11:39:34 AM:391,00:00:00.045,,,,
420,UDP,192.168.43.124,192.168.43.1,49448,53,LAPTOP-54PG1OGH,,domain,2,194 Bytes,319 Bytes,4.0 KB/Sec,10/14/2022 11:39:34 AM:346,10/14/2022 11:39:34 AM:393,00:00:00.047,,,,
421,UDP,192.168.43.124,192.168.43.1,64174,53,LAPTOP-54PG1OGH,,domain,2,96 Bytes,214 Bytes,2.0 KB/Sec,10/14/2022 11:39:34 AM:346,10/14/2022 11:39:34 AM:393,00:00:00.047,,,,
422,UDP,192.168.43.124,239.255.255.250,59395,1900,LAPTOP-54PG1OGH,,ssdp,8,"1,400 Bytes","1,827 Bytes",0.5 KB/Sec,10/14/2022 11:39:36 AM:924,10/14/2022 11:39:39 AM:942,00:00:03.017,,,,
423,UDP,192.168.43.124,239.255.255.250,59397,1900,LAPTOP-54PG1OGH,,ssdp,8,"1,400 Bytes","1,827 Bytes",0.5 KB/Sec,10/14/2022 11:39:36 AM:935,10/14/2022 11:39:39 AM:954,00:00:03.018,,,,
424,UDP,192.168.43.124,192.168.43.1,52131,53,LAPTOP-54PG1OGH,,domain,2,198 Bytes,328 Bytes,3.1 KB/Sec,10/14/2022 11:39:38 AM:497,10/14/2022 11:39:38 AM:564,00:00:00.066,,,,
425,UDP,192.168.43.124,192.168.43.1,51587,53,LAPTOP-54PG1OGH,,domain,2,358 Bytes,488 Bytes,4.5 KB/Sec,10/14/2022 11:39:38 AM:499,10/14/2022 11:39:38 AM:583,00:00:00.083,,,,
426,UDP,192.168.43.124,192.168.43.1,54338,53,LAPTOP-54PG1OGH,,domain,2,104 Bytes,232 Bytes,3.2 KB/Sec,10/14/2022 11:39:48 AM:535,10/14/2022 11:39:48 AM:566,00:00:00.030,,,,
427,UDP,192.168.43.124,192.168.43.1,50392,53,LAPTOP-54PG1OGH,,domain,2,116 Bytes,244 Bytes,2.4 KB/Sec,10/14/2022 11:39:48 AM:535,10/14/2022 11:39:48 AM:587,00:00:00.051,,,,
428,UDP,192.168.43.124,192.168.43.1,63263,53,LAPTOP-54PG1OGH,,domain,3,182 Bytes,334 Bytes,0.4 KB/Sec,10/14/2022 11:39:51 AM:319,10/14/2022 11:39:51 AM:805,00:00:00.486,,,,
429,UDP,192.168.43.124,192.168.43.1,52181,53,LAPTOP-54PG1OGH,,domain,3,194 Bytes,346 Bytes,0.3 KB/Sec,10/14/2022 11:39:51 AM:320,10/14/2022 11:39:52 AM:051,00:00:00.730,,,,
430,UDP,192.168.43.124,192.168.43.1,64503,53,LAPTOP-54PG1OGH,,domain,2,204 Bytes,320 Bytes,4.3 KB/Sec,10/14/2022 11:39:54 AM:314,10/14/2022 11:39:54 AM:354,00:00:00.039,,,,
431,UDP,192.168.43.124,192.168.43.1,55919,53,LAPTOP-54PG1OGH,,domain,2,228 Bytes,344 Bytes,2.9 KB/Sec,10/14/2022 11:39:54 AM:315,10/14/2022 11:39:54 AM:390,00:00:00.074,,,,
432,UDP,192.168.43.124,192.168.43.1,59137,53,LAPTOP-54PG1OGH,,domain,4,397 Bytes,575 Bytes,1.1 KB/Sec,10/14/2022 11:39:54 AM:317,10/14/2022 11:39:54 AM:679,00:00:00.361,,,,
433,UDP,192.168.43.124,192.168.43.1,59047,53,LAPTOP-54PG1OGH,,domain,3,303 Bytes,453 Bytes,0.6 KB/Sec,10/14/2022 11:39:54 AM:317,10/14/2022 11:39:54 AM:839,00:00:00.521,,,,
434,UDP,192.168.43.124,192.168.43.1,57330,53,LAPTOP-54PG1OGH,,domain,3,170 Bytes,320 Bytes,0.2 KB/Sec,10/14/2022 11:39:54 AM:679,10/14/2022 11:39:55 AM:420,00:00:00.741,,,,
435,UDP,192.168.43.124,192.168.43.1,60613,53,LAPTOP-54PG1OGH,,domain,3,182 Bytes,332 Bytes,0.2 KB/Sec,10/14/2022 11:39:54 AM:679,10/14/2022 11:39:55 AM:472,00:00:00.793,,,,
436,UDP,192.168.43.124,192.168.43.1,59640,53,LAPTOP-54PG1OGH,,domain,3,259 Bytes,408 Bytes,0.4 KB/Sec,10/14/2022 11:39:57 AM:601,10/14/2022 11:39:58 AM:288,00:00:00.687,,,,
437,UDP,192.168.43.124,192.168.43.1,65497,53,LAPTOP-54PG1OGH,,domain,3,283 Bytes,432 Bytes,0.4 KB/Sec,10/14/2022 11:39:57 AM:603,10/14/2022 11:39:58 AM:288,00:00:00.685,,,,
438,UDP,192.168.43.124,192.168.43.1,61926,53,LAPTOP-54PG1OGH,,domain,2,131 Bytes,250 Bytes,2.0 KB/Sec,10/14/2022 11:39:57 AM:664,10/14/2022 11:39:57 AM:715,00:00:00.050,,,,
439,UDP,192.168.43.124,192.168.43.1,60009,53,LAPTOP-54PG1OGH,,domain,2,143 Bytes,262 Bytes,2.2 KB/Sec,10/14/2022 11:39:57 AM:665,10/14/2022 11:39:57 AM:719,00:00:00.053,,,,
440,UDP,192.168.43.124,192.168.43.1,49358,53,LAPTOP-54PG1OGH,,domain,3,403 Bytes,564 Bytes,1.4 KB/Sec,10/14/2022 11:39:58 AM:800,10/14/2022 11:39:59 AM:076,00:00:00.275,,,,
441,UDP,192.168.43.124,192.168.43.1,64719,53,LAPTOP-54PG1OGH,,domain,3,259 Bytes,420 Bytes,0.9 KB/Sec,10/14/2022 11:39:58 AM:801,10/14/2022 11:39:59 AM:076,00:00:00.274,,,,
442,UDP,192.168.43.124,192.168.43.1,55786,53,LAPTOP-54PG1OGH,,domain,3,153 Bytes,300 Bytes,0.2 KB/Sec,10/14/2022 11:39:59 AM:756,10/14/2022 11:40:00 AM:491,00:00:00.735,,,,
443,UDP,192.168.43.124,192.168.43.1,49889,53,LAPTOP-54PG1OGH,,domain,3,165 Bytes,312 Bytes,0.2 KB/Sec,10/14/2022 11:39:59 AM:760,10/14/2022 11:40:00 AM:491,00:00:00.730,,,,
444,UDP,192.168.43.124,192.168.43.1,65124,53,LAPTOP-54PG1OGH,,domain,3,176 Bytes,328 Bytes,0.3 KB/Sec,10/14/2022 11:40:01 AM:730,10/14/2022 11:40:02 AM:404,00:00:00.674,,,,
445,UDP,192.168.43.124,192.168.43.1,59978,53,LAPTOP-54PG1OGH,,domain,3,188 Bytes,340 Bytes,0.2 KB/Sec,10/14/2022 11:40:01 AM:733,10/14/2022 11:40:02 AM:720,00:00:00.986,,,,
446,UDP,192.168.43.124,192.168.43.1,58616,53,LAPTOP-54PG1OGH,,domain,2,86 Bytes,205 Bytes,1.8 KB/Sec,10/14/2022 11:40:27 AM:102,10/14/2022 11:40:27 AM:145,00:00:00.043,,,,
447,UDP,192.168.43.124,192.168.43.1,52564,53,LAPTOP-54PG1OGH,,domain,2,80 Bytes,196 Bytes,5.2 KB/Sec,10/14/2022 11:40:27 AM:102,10/14/2022 11:40:27 AM:108,00:00:00.005,,,,
448,UDP,192.168.43.124,192.168.43.1,51716,53,LAPTOP-54PG1OGH,,domain,2,98 Bytes,217 Bytes,1.5 KB/Sec,10/14/2022 11:40:27 AM:103,10/14/2022 11:40:27 AM:160,00:00:00.057,,,,
449,UDP,192.168.43.124,192.168.43.1,56664,53,LAPTOP-54PG1OGH,,domain,2,94 Bytes,211 Bytes,1.2 KB/Sec,10/14/2022 11:40:30 AM:028,10/14/2022 11:40:30 AM:113,00:00:00.084,,,,
450,UDP,192.168.43.124,192.168.43.1,59993,53,LAPTOP-54PG1OGH,,domain,2,208 Bytes,327 Bytes,1.5 KB/Sec,10/14/2022 11:40:31 AM:067,10/14/2022 11:40:31 AM:213,00:00:00.145,,,,
451,UDP,192.168.43.124,192.168.43.1,62492,53,LAPTOP-54PG1OGH,,domain,2,248 Bytes,367 Bytes,1.6 KB/Sec,10/14/2022 11:40:31 AM:069,10/14/2022 11:40:31 AM:213,00:00:00.144,,,,
452,UDP,192.168.43.124,192.168.43.1,59578,53,LAPTOP-54PG1OGH,,domain,2,108 Bytes,222 Bytes,0.8 KB/Sec,10/14/2022 11:40:32 AM:451,10/14/2022 11:40:32 AM:576,00:00:00.125,,,,
453,UDP,192.168.43.124,192.168.43.1,56509,53,LAPTOP-54PG1OGH,,domain,2,88 Bytes,202 Bytes,0.7 KB/Sec,10/14/2022 11:40:32 AM:452,10/14/2022 11:40:32 AM:576,00:00:00.124,,,,
454,UDP,192.168.43.124,192.168.43.1,63980,53,LAPTOP-54PG1OGH,,domain,2,181 Bytes,308 Bytes,3.8 KB/Sec,10/14/2022 11:40:33 AM:761,10/14/2022 11:40:33 AM:816,00:00:00.054,,,,
455,UDP,192.168.43.124,192.168.43.1,64471,53,LAPTOP-54PG1OGH,,domain,2,217 Bytes,344 Bytes,1.0 KB/Sec,10/14/2022 11:40:33 AM:761,10/14/2022 11:40:33 AM:967,00:00:00.205,,,,
456,UDP,192.168.43.124,192.168.43.1,53607,53,LAPTOP-54PG1OGH,,domain,2,94 Bytes,211 Bytes,2.9 KB/Sec,10/14/2022 11:40:34 AM:291,10/14/2022 11:40:34 AM:318,00:00:00.027,,,,
457,UDP,192.168.43.124,192.168.43.1,58546,53,LAPTOP-54PG1OGH,,domain,2,82 Bytes,199 Bytes,0.6 KB/Sec,10/14/2022 11:40:38 AM:505,10/14/2022 11:40:38 AM:650,00:00:00.145,,,,
458,UDP,192.168.43.124,192.168.43.1,65532,53,LAPTOP-54PG1OGH,,domain,2,94 Bytes,211 Bytes,0.7 KB/Sec,10/14/2022 11:40:38 AM:506,10/14/2022 11:40:38 AM:650,00:00:00.144,,,,
459,UDP,192.168.43.124,192.168.43.1,59678,53,LAPTOP-54PG1OGH,,domain,3,127 Bytes,276 Bytes,0.3 KB/Sec,10/14/2022 11:40:38 AM:569,10/14/2022 11:40:39 AM:043,00:00:00.473,,,,
460,UDP,192.168.43.124,192.168.43.1,62826,53,LAPTOP-54PG1OGH,,domain,3,139 Bytes,288 Bytes,0.2 KB/Sec,10/14/2022 11:40:38 AM:570,10/14/2022 11:40:39 AM:136,00:00:00.565,,,,
461,UDP,192.168.43.124,192.168.43.1,49811,53,LAPTOP-54PG1OGH,,domain,2,139 Bytes,267 Bytes,2.9 KB/Sec,10/14/2022 11:40:40 AM:899,10/14/2022 11:40:40 AM:935,00:00:00.035,,,,
462,UDP,192.168.43.124,192.168.43.1,51134,53,LAPTOP-54PG1OGH,,domain,2,151 Bytes,279 Bytes,3.1 KB/Sec,10/14/2022 11:40:40 AM:901,10/14/2022 11:40:40 AM:951,00:00:00.049,,,,
463,UDP,192.168.43.124,192.168.43.1,62245,53,LAPTOP-54PG1OGH,,domain,2,92 Bytes,214 Bytes,1.4 KB/Sec,10/14/2022 11:40:44 AM:220,10/14/2022 11:40:44 AM:276,00:00:00.055,,,,
464,UDP,192.168.43.124,192.168.43.1,55812,53,LAPTOP-54PG1OGH,,domain,2,97 Bytes,212 Bytes,0.4 KB/Sec,10/14/2022 11:40:51 AM:506,10/14/2022 11:40:51 AM:731,00:00:00.225,,,,
465,UDP,192.168.43.124,192.168.43.1,61913,53,LAPTOP-54PG1OGH,,domain,3,140 Bytes,283 Bytes,0.3 KB/Sec,10/14/2022 11:40:51 AM:507,10/14/2022 11:40:52 AM:038,00:00:00.531,,,,
466,UDP,192.168.43.124,192.168.43.1,51822,53,LAPTOP-54PG1OGH,,domain,2,118 Bytes,237 Bytes,2.5 KB/Sec,10/14/2022 11:40:52 AM:546,10/14/2022 11:40:52 AM:596,00:00:00.049,,,,
467,UDP,192.168.43.124,192.168.43.1,59587,53,LAPTOP-54PG1OGH,,domain,2,130 Bytes,249 Bytes,1.6 KB/Sec,10/14/2022 11:40:52 AM:546,10/14/2022 11:40:52 AM:624,00:00:00.077,,,,
468,UDP,192.168.43.124,192.168.43.1,51564,53,LAPTOP-54PG1OGH,,domain,2,114 Bytes,235 Bytes,1.8 KB/Sec,10/14/2022 11:41:20 AM:063,10/14/2022 11:41:20 AM:134,00:00:00.070,,,,
469,UDP,192.168.43.124,192.168.43.1,57438,53,LAPTOP-54PG1OGH,,domain,2,126 Bytes,247 Bytes,1.1 KB/Sec,10/14/2022 11:41:20 AM:063,10/14/2022 11:41:20 AM:166,00:00:00.103,,,,
470,UDP,192.168.43.124,239.255.255.250,61331,1900,LAPTOP-54PG1OGH,,ssdp,8,"1,400 Bytes","1,827 Bytes",0.5 KB/Sec,10/14/2022 11:41:36 AM:926,10/14/2022 11:41:39 AM:958,00:00:03.031,,,,
471,UDP,192.168.43.124,239.255.255.250,61333,1900,LAPTOP-54PG1OGH,,ssdp,8,"1,400 Bytes","1,827 Bytes",0.5 KB/Sec,10/14/2022 11:41:36 AM:930,10/14/2022 11:41:39 AM:956,00:00:03.026,,,,
472,UDP,192.168.43.124,192.168.43.1,64852,53,LAPTOP-54PG1OGH,,domain,2,92 Bytes,208 Bytes,1.9 KB/Sec,10/14/2022 11:41:38 AM:497,10/14/2022 11:41:38 AM:544,00:00:00.047,,,,
473,UDP,192.168.43.124,192.168.43.1,64254,53,LAPTOP-54PG1OGH,,domain,2,94 Bytes,211 Bytes,1.2 KB/Sec,10/14/2022 11:42:13 AM:504,10/14/2022 11:42:13 AM:584,00:00:00.079,,,,
474,UDP,192.168.43.124,192.168.43.1,59212,53,LAPTOP-54PG1OGH,,domain,2,110 Bytes,241 Bytes,1.0 KB/Sec,10/14/2022 11:42:17 AM:493,10/14/2022 11:42:17 AM:598,00:00:00.105,,,,
475,UDP,192.168.43.124,192.168.43.1,53338,53,LAPTOP-54PG1OGH,,domain,2,122 Bytes,253 Bytes,1.3 KB/Sec,10/14/2022 11:42:17 AM:495,10/14/2022 11:42:17 AM:598,00:00:00.102,,,,
476,UDP,192.168.43.124,192.168.43.1,56414,53,LAPTOP-54PG1OGH,,domain,3,182 Bytes,334 Bytes,0.5 KB/Sec,10/14/2022 11:42:19 AM:777,10/14/2022 11:42:20 AM:147,00:00:00.369,,,,
477,UDP,192.168.43.124,192.168.43.1,54656,53,LAPTOP-54PG1OGH,,domain,2,204 Bytes,320 Bytes,1.6 KB/Sec,10/14/2022 11:42:19 AM:777,10/14/2022 11:42:19 AM:902,00:00:00.125,,,,
478,UDP,192.168.43.124,192.168.43.1,52365,53,LAPTOP-54PG1OGH,,domain,2,104 Bytes,226 Bytes,0.8 KB/Sec,10/14/2022 11:42:19 AM:778,10/14/2022 11:42:19 AM:902,00:00:00.124,,,,
479,UDP,192.168.43.124,192.168.43.1,55031,53,LAPTOP-54PG1OGH,,domain,2,228 Bytes,344 Bytes,1.8 KB/Sec,10/14/2022 11:42:19 AM:778,10/14/2022 11:42:19 AM:903,00:00:00.125,,,,
480,UDP,192.168.43.124,192.168.43.1,63375,53,LAPTOP-54PG1OGH,,domain,3,194 Bytes,346 Bytes,0.3 KB/Sec,10/14/2022 11:42:19 AM:779,10/14/2022 11:42:20 AM:389,00:00:00.609,,,,
481,UDP,192.168.43.124,192.168.43.1,50944,53,LAPTOP-54PG1OGH,,domain,2,92 Bytes,214 Bytes,5.6 KB/Sec,10/14/2022 11:42:19 AM:903,10/14/2022 11:42:19 AM:917,00:00:00.013,,,,
482,UDP,192.168.43.124,192.168.43.1,56808,53,LAPTOP-54PG1OGH,,domain,2,132 Bytes,254 Bytes,8.1 KB/Sec,10/14/2022 11:42:19 AM:903,10/14/2022 11:42:19 AM:930,00:00:00.026,,,,
483,UDP,192.168.43.124,192.168.43.1,52662,53,LAPTOP-54PG1OGH,,domain,3,182 Bytes,332 Bytes,0.6 KB/Sec,10/14/2022 11:42:19 AM:903,10/14/2022 11:42:20 AM:219,00:00:00.316,,,,
484,UDP,192.168.43.124,192.168.43.1,58426,53,LAPTOP-54PG1OGH,,domain,2,86 Bytes,205 Bytes,2.6 KB/Sec,10/14/2022 11:42:20 AM:039,10/14/2022 11:42:20 AM:069,00:00:00.029,,,,
485,UDP,192.168.43.124,192.168.43.1,56187,53,LAPTOP-54PG1OGH,,domain,2,98 Bytes,217 Bytes,0.9 KB/Sec,10/14/2022 11:42:20 AM:040,10/14/2022 11:42:20 AM:148,00:00:00.107,,,,
486,UDP,192.168.43.124,192.168.43.1,63575,53,LAPTOP-54PG1OGH,,domain,2,192 Bytes,312 Bytes,2.0 KB/Sec,10/14/2022 11:42:20 AM:611,10/14/2022 11:42:20 AM:707,00:00:00.095,,,,
487,UDP,192.168.43.124,192.168.43.1,54437,53,LAPTOP-54PG1OGH,,domain,2,208 Bytes,328 Bytes,2.2 KB/Sec,10/14/2022 11:42:20 AM:615,10/14/2022 11:42:20 AM:711,00:00:00.096,,,,
488,UDP,192.168.43.124,192.168.43.1,62289,53,LAPTOP-54PG1OGH,,domain,3,259 Bytes,408 Bytes,0.7 KB/Sec,10/14/2022 11:42:21 AM:934,10/14/2022 11:42:22 AM:310,00:00:00.375,,,,
489,UDP,192.168.43.124,192.168.43.1,56610,53,LAPTOP-54PG1OGH,,domain,3,283 Bytes,432 Bytes,0.7 KB/Sec,10/14/2022 11:42:21 AM:935,10/14/2022 11:42:22 AM:348,00:00:00.413,,,,
490,UDP,192.168.43.124,192.168.43.1,57665,53,LAPTOP-54PG1OGH,,domain,2,154 Bytes,287 Bytes,1.4 KB/Sec,10/14/2022 11:42:36 AM:675,10/14/2022 11:42:36 AM:779,00:00:00.103,,,,
491,UDP,192.168.43.124,192.168.43.1,59479,53,LAPTOP-54PG1OGH,,domain,2,166 Bytes,299 Bytes,0.6 KB/Sec,10/14/2022 11:42:36 AM:679,10/14/2022 11:42:36 AM:920,00:00:00.241,,,,
492,UDP,192.168.43.124,192.168.43.1,57721,53,LAPTOP-54PG1OGH,,domain,2,101 Bytes,217 Bytes,1.6 KB/Sec,10/14/2022 11:42:44 AM:119,10/14/2022 11:42:44 AM:181,00:00:00.062,,,,
493,UDP,192.168.43.124,192.168.43.1,49886,53,LAPTOP-54PG1OGH,,domain,2,113 Bytes,229 Bytes,2.3 KB/Sec,10/14/2022 11:42:44 AM:121,10/14/2022 11:42:44 AM:181,00:00:00.059,,,,
494,UDP,192.168.43.124,192.168.43.1,57515,53,LAPTOP-54PG1OGH,,domain,2,82 Bytes,199 Bytes,2.6 KB/Sec,10/14/2022 11:42:45 AM:023,10/14/2022 11:42:45 AM:054,00:00:00.030,,,,
495,UDP,192.168.43.124,192.168.43.1,57300,53,LAPTOP-54PG1OGH,,domain,2,104 Bytes,232 Bytes,2.2 KB/Sec,10/14/2022 11:43:02 AM:193,10/14/2022 11:43:02 AM:230,00:00:00.036,,,,
496,UDP,192.168.43.124,192.168.43.1,62131,53,LAPTOP-54PG1OGH,,domain,2,116 Bytes,244 Bytes,2.5 KB/Sec,10/14/2022 11:43:02 AM:193,10/14/2022 11:43:02 AM:235,00:00:00.041,,,,
497,UDP,192.168.43.124,192.168.43.1,53316,53,LAPTOP-54PG1OGH,,domain,2,174 Bytes,312 Bytes,5.3 KB/Sec,10/14/2022 11:43:02 AM:233,10/14/2022 11:43:02 AM:274,00:00:00.041,,,,
498,UDP,192.168.43.124,192.168.43.1,63977,53,LAPTOP-54PG1OGH,,domain,2,186 Bytes,324 Bytes,2.9 KB/Sec,10/14/2022 11:43:02 AM:234,10/14/2022 11:43:02 AM:295,00:00:00.060,,,,
499,UDP,192.168.43.124,192.168.43.1,51165,53,LAPTOP-54PG1OGH,,domain,2,146 Bytes,263 Bytes,0.7 KB/Sec,10/14/2022 11:43:05 AM:133,10/14/2022 11:43:05 AM:348,00:00:00.215,,,,
500,UDP,192.168.43.124,192.168.43.1,54746,53,LAPTOP-54PG1OGH,,domain,2,206 Bytes,323 Bytes,0.8 KB/Sec,10/14/2022 11:43:05 AM:133,10/14/2022 11:43:05 AM:372,00:00:00.239,,,,
501,UDP,192.168.43.124,192.168.43.1,64163,53,LAPTOP-54PG1OGH,,domain,2,131 Bytes,250 Bytes,4.0 KB/Sec,10/14/2022 11:43:09 AM:731,10/14/2022 11:43:09 AM:768,00:00:00.036,,,,
502,UDP,192.168.43.124,192.168.43.1,64665,53,LAPTOP-54PG1OGH,,domain,2,108 Bytes,230 Bytes,0.6 KB/Sec,10/14/2022 11:43:13 AM:987,10/14/2022 11:43:14 AM:182,00:00:00.194,,,,
503,UDP,192.168.43.124,192.168.43.1,61155,53,LAPTOP-54PG1OGH,,domain,2,104 Bytes,226 Bytes,0.5 KB/Sec,10/14/2022 11:43:13 AM:988,10/14/2022 11:43:14 AM:198,00:00:00.209,,,,
504,UDP,192.168.43.124,192.168.43.1,56023,53,LAPTOP-54PG1OGH,,domain,3,155 Bytes,306 Bytes,0.2 KB/Sec,10/14/2022 11:43:14 AM:609,10/14/2022 11:43:15 AM:580,00:00:00.970,,,,
505,UDP,192.168.43.124,192.168.43.1,57178,53,LAPTOP-54PG1OGH,,domain,2,94 Bytes,211 Bytes,1.5 KB/Sec,10/14/2022 11:43:14 AM:609,10/14/2022 11:43:14 AM:671,00:00:00.062,,,,
506,UDP,192.168.43.124,192.168.43.1,62137,53,LAPTOP-54PG1OGH,,domain,4,206 Bytes,385 Bytes,0.2 KB/Sec,10/14/2022 11:43:14 AM:610,10/14/2022 11:43:15 AM:899,00:00:01.288,,,,
507,UDP,192.168.43.124,192.168.43.1,50718,53,LAPTOP-54PG1OGH,,domain,2,106 Bytes,235 Bytes,0.7 KB/Sec,10/14/2022 11:43:23 AM:668,10/14/2022 11:43:23 AM:812,00:00:00.143,,,,
508,UDP,192.168.43.124,192.168.43.1,59078,53,LAPTOP-54PG1OGH,,domain,3,163 Bytes,320 Bytes,0.4 KB/Sec,10/14/2022 11:43:23 AM:670,10/14/2022 11:43:24 AM:052,00:00:00.381,,,,
509,UDP,192.168.43.124,239.255.255.250,53086,1900,LAPTOP-54PG1OGH,,ssdp,8,"1,400 Bytes","1,827 Bytes",0.5 KB/Sec,10/14/2022 11:43:36 AM:930,10/14/2022 11:43:39 AM:951,00:00:03.020,,,,
510,UDP,192.168.43.124,239.255.255.250,53088,1900,LAPTOP-54PG1OGH,,ssdp,8,"1,400 Bytes","1,827 Bytes",0.5 KB/Sec,10/14/2022 11:43:36 AM:940,10/14/2022 11:43:39 AM:978,00:00:03.038,,,,
511,UDP,192.168.43.124,192.168.43.1,59400,53,LAPTOP-54PG1OGH,,domain,3,157 Bytes,316 Bytes,0.6 KB/Sec,10/14/2022 11:44:16 AM:354,10/14/2022 11:44:16 AM:618,00:00:00.263,,,,
512,UDP,192.168.43.124,192.168.43.1,55082,53,LAPTOP-54PG1OGH,,domain,3,169 Bytes,328 Bytes,0.7 KB/Sec,10/14/2022 11:44:16 AM:355,10/14/2022 11:44:16 AM:618,00:00:00.262,,,,
513,UDP,192.168.43.124,192.168.43.1,61798,53,LAPTOP-54PG1OGH,,domain,2,94 Bytes,211 Bytes,2.0 KB/Sec,10/14/2022 11:44:17 AM:488,10/14/2022 11:44:17 AM:528,00:00:00.039,,,,
514,UDP,192.168.43.124,192.168.43.1,56809,53,LAPTOP-54PG1OGH,,domain,2,98 Bytes,215 Bytes,0.6 KB/Sec,10/14/2022 11:44:23 AM:537,10/14/2022 11:44:23 AM:712,00:00:00.175,,,,
515,UDP,192.168.43.124,192.168.43.1,52982,53,LAPTOP-54PG1OGH,,domain,2,94 Bytes,211 Bytes,0.4 KB/Sec,10/14/2022 11:44:23 AM:538,10/14/2022 11:44:23 AM:753,00:00:00.214,,,,
516,UDP,192.168.43.124,192.168.43.1,64581,53,LAPTOP-54PG1OGH,,domain,2,104 Bytes,232 Bytes,0.5 KB/Sec,10/14/2022 11:44:24 AM:284,10/14/2022 11:44:24 AM:494,00:00:00.210,,,,
517,UDP,192.168.43.124,192.168.43.1,59651,53,LAPTOP-54PG1OGH,,domain,2,116 Bytes,244 Bytes,0.5 KB/Sec,10/14/2022 11:44:24 AM:285,10/14/2022 11:44:24 AM:540,00:00:00.255,,,,
518,UDP,192.168.43.124,192.168.43.1,65402,53,LAPTOP-54PG1OGH,,domain,2,314 Bytes,427 Bytes,2.8 KB/Sec,10/14/2022 11:44:25 AM:637,10/14/2022 11:44:25 AM:754,00:00:00.116,,,,
519,UDP,192.168.43.124,192.168.43.1,62481,53,LAPTOP-54PG1OGH,,domain,2,170 Bytes,283 Bytes,1.5 KB/Sec,10/14/2022 11:44:25 AM:640,10/14/2022 11:44:25 AM:754,00:00:00.114,,,,
520,UDP,192.168.43.124,192.168.43.1,64364,53,LAPTOP-54PG1OGH,,domain,2,82 Bytes,199 Bytes,0.6 KB/Sec,10/14/2022 11:44:38 AM:489,10/14/2022 11:44:38 AM:629,00:00:00.140,,,,
521,UDP,192.168.43.124,192.168.43.1,54301,53,LAPTOP-54PG1OGH,,domain,2,94 Bytes,211 Bytes,0.7 KB/Sec,10/14/2022 11:44:38 AM:490,10/14/2022 11:44:38 AM:629,00:00:00.139,,,,
522,UDP,192.168.43.124,239.255.255.250,59543,1900,LAPTOP-54PG1OGH,,ssdp,8,"1,400 Bytes","1,827 Bytes",0.5 KB/Sec,10/14/2022 11:45:36 AM:929,10/14/2022 11:45:39 AM:951,00:00:03.021,,,,
523,UDP,192.168.43.124,239.255.255.250,59545,1900,LAPTOP-54PG1OGH,,ssdp,8,"1,400 Bytes","1,827 Bytes",0.5 KB/Sec,10/14/2022 11:45:36 AM:965,10/14/2022 11:45:39 AM:993,00:00:03.027,,,,
524,UDP,192.168.43.124,192.168.43.1,49997,53,LAPTOP-54PG1OGH,,domain,2,205 Bytes,343 Bytes,4.3 KB/Sec,10/14/2022 11:45:39 AM:488,10/14/2022 11:45:39 AM:538,00:00:00.049,,,,
525,UDP,192.168.43.124,192.168.43.1,53970,53,LAPTOP-54PG1OGH,,domain,2,217 Bytes,355 Bytes,2.3 KB/Sec,10/14/2022 11:45:39 AM:490,10/14/2022 11:45:39 AM:574,00:00:00.084,,,,
526,UDP,192.168.43.124,192.168.43.1,54425,53,LAPTOP-54PG1OGH,,domain,2,159 Bytes,289 Bytes,0.7 KB/Sec,10/14/2022 11:45:39 AM:743,10/14/2022 11:45:39 AM:971,00:00:00.227,,,,
527,UDP,192.168.43.124,192.168.43.1,63815,53,LAPTOP-54PG1OGH,,domain,2,147 Bytes,277 Bytes,3.1 KB/Sec,10/14/2022 11:45:39 AM:743,10/14/2022 11:45:39 AM:783,00:00:00.040,,,,
528,TCP,192.168.43.124,35.247.144.219,52921,443,LAPTOP-54PG1OGH,cfw.gti.mcafee.akadns.net,https,13,"3,882 Bytes","4,595 Bytes",3.6 KB/Sec,10/14/2022 11:45:40 AM:203,10/14/2022 11:45:41 AM:260,00:00:01.056,,,,
